STATISTIC,Statistic Label,TLIST(A1),Year,C02076V02508,Age,C02199V02655,Sex,C02466V02984,Criteria for Projection,UNIT,VALUE,AgeNum,Band
PEC19C01,Population Projections based on Census 2022,2022,2022,200,Under 1 year,1,Male,22,Method - M2,Number,29546,0,0-3
PEC19C01,Population Projections based on Census 2022,2022,2022,200,Under 1 year,2,Female,22,Method - M2,Number,28138,0,0-3
PEC19C01,Population Projections based on Census 2022,2022,2022,001,1 year,1,Male,22,Method - M2,Number,28985,1,0-3
PEC19C01,Population Projections based on Census 2022,2022,2022,001,1 year,2,Female,22,Method - M2,Number,27646,1,0-3
PEC19C01,Population Projections based on Census 2022,2022,2022,002,2 years,1,Male,22,Method - M2,Number,30263,2,0-3
PEC19C01,Population Projections based on Census 2022,2022,2022,002,2 years,2,Female,22,Method - M2,Number,28987,2,0-3
PEC19C01,Population Projections based on Census 2022,2022,2022,003,3 years,1,Male,22,Method - M2,Number,31050,3,0-3
PEC19C01,Population Projections based on Census 2022,2022,2022,003,3 years,2,Female,22,Method - M2,Number,29546,3,0-3
PEC19C01,Population Projections based on Census 2022,2022,2022,004,4 years,1,Male,22,Method - M2,Number,31743,4,4-64
PEC19C01,Population Projections based on Census 2022,2022,2022,004,4 years,2,Female,22,Method - M2,Number,29930,4,4-64
PEC19C01,Population Projections based on Census 2022,2022,2022,005,5 years,1,Male,22,Method - M2,Number,32787,5,4-64
PEC19C01,Population Projections based on Census 2022,2022,2022,005,5 years,2,Female,22,Method - M2,Number,31445,5,4-64
PEC19C01,Population Projections based on Census 2022,2022,2022,006,6 years,1,Male,22,Method - M2,Number,34168,6,4-64
PEC19C01,Population Projections based on Census 2022,2022,2022,006,6 years,2,Female,22,Method - M2,Number,32735,6,4-64
PEC19C01,Population Projections based on Census 2022,2022,2022,007,7 years,1,Male,22,Method - M2,Number,35529,7,4-64
PEC19C01,Population Projections based on Census 2022,2022,2022,007,7 years,2,Female,22,Method - M2,Number,33655,7,4-64
PEC19C01,Population Projections based on Census 2022,2022,2022,008,8 years,1,Male,22,Method - M2,Number,36369,8,4-64
PEC19C01,Population Projections based on Census 2022,2022,2022,008,8 years,2,Female,22,Method - M2,Number,34547,8,4-64
PEC19C01,Population Projections based on Census 2022,2022,2022,009,9 years,1,Male,22,Method - M2,Number,37048,9,4-64
PEC19C01,Population Projections based on Census 2022,2022,2022,009,9 years,2,Female,22,Method - M2,Number,35296,9,4-64
PEC19C01,Population Projections based on Census 2022,2022,2022,010,10 years,1,Male,22,Method - M2,Number,38187,10,4-64
PEC19C01,Population Projections based on Census 2022,2022,2022,010,10 years,2,Female,22,Method - M2,Number,36175,10,4-64
PEC19C01,Population Projections based on Census 2022,2022,2022,011,11 years,1,Male,22,Method - M2,Number,38391,11,4-64
PEC19C01,Population Projections based on Census 2022,2022,2022,011,11 years,2,Female,22,Method - M2,Number,36918,11,4-64
PEC19C01,Population Projections based on Census 2022,2022,2022,012,12 years,1,Male,22,Method - M2,Number,39036,12,4-64
PEC19C01,Population Projections based on Census 2022,2022,2022,012,12 years,2,Female,22,Method - M2,Number,37373,12,4-64
PEC19C01,Population Projections based on Census 2022,2022,2022,013,13 years,1,Male,22,Method - M2,Number,38484,13,4-64
PEC19C01,Population Projections based on Census 2022,2022,2022,013,13 years,2,Female,22,Method - M2,Number,36847,13,4-64
PEC19C01,Population Projections based on Census 2022,2022,2022,014,14 years,1,Male,22,Method - M2,Number,37415,14,4-64
PEC19C01,Population Projections based on Census 2022,2022,2022,014,14 years,2,Female,22,Method - M2,Number,36053,14,4-64
PEC19C01,Population Projections based on Census 2022,2022,2022,015,15 years,1,Male,22,Method - M2,Number,35939,15,4-64
PEC19C01,Population Projections based on Census 2022,2022,2022,015,15 years,2,Female,22,Method - M2,Number,34346,15,4-64
PEC19C01,Population Projections based on Census 2022,2022,2022,016,16 years,1,Male,22,Method - M2,Number,34734,16,4-64
PEC19C01,Population Projections based on Census 2022,2022,2022,016,16 years,2,Female,22,Method - M2,Number,33188,16,4-64
PEC19C01,Population Projections based on Census 2022,2022,2022,017,17 years,1,Male,22,Method - M2,Number,34981,17,4-64
PEC19C01,Population Projections based on Census 2022,2022,2022,017,17 years,2,Female,22,Method - M2,Number,32859,17,4-64
PEC19C01,Population Projections based on Census 2022,2022,2022,018,18 years,1,Male,22,Method - M2,Number,33907,18,4-64
PEC19C01,Population Projections based on Census 2022,2022,2022,018,18 years,2,Female,22,Method - M2,Number,32760,18,4-64
PEC19C01,Population Projections based on Census 2022,2022,2022,019,19 years,1,Male,22,Method - M2,Number,33066,19,4-64
PEC19C01,Population Projections based on Census 2022,2022,2022,019,19 years,2,Female,22,Method - M2,Number,31996,19,4-64
PEC19C01,Population Projections based on Census 2022,2022,2022,020,20 years,1,Male,22,Method - M2,Number,32481,20,4-64
PEC19C01,Population Projections based on Census 2022,2022,2022,020,20 years,2,Female,22,Method - M2,Number,31804,20,4-64
PEC19C01,Population Projections based on Census 2022,2022,2022,021,21 years,1,Male,22,Method - M2,Number,31460,21,4-64
PEC19C01,Population Projections based on Census 2022,2022,2022,021,21 years,2,Female,22,Method - M2,Number,30556,21,4-64
PEC19C01,Population Projections based on Census 2022,2022,2022,022,22 years,1,Male,22,Method - M2,Number,31905,22,4-64
PEC19C01,Population Projections based on Census 2022,2022,2022,022,22 years,2,Female,22,Method - M2,Number,31243,22,4-64
PEC19C01,Population Projections based on Census 2022,2022,2022,023,23 years,1,Male,22,Method - M2,Number,31423,23,4-64
PEC19C01,Population Projections based on Census 2022,2022,2022,023,23 years,2,Female,22,Method - M2,Number,30487,23,4-64
PEC19C01,Population Projections based on Census 2022,2022,2022,024,24 years,1,Male,22,Method - M2,Number,30737,24,4-64
PEC19C01,Population Projections based on Census 2022,2022,2022,024,24 years,2,Female,22,Method - M2,Number,29845,24,4-64
PEC19C01,Population Projections based on Census 2022,2022,2022,025,25 years,1,Male,22,Method - M2,Number,30489,25,4-64
PEC19C01,Population Projections based on Census 2022,2022,2022,025,25 years,2,Female,22,Method - M2,Number,29810,25,4-64
PEC19C01,Population Projections based on Census 2022,2022,2022,026,26 years,1,Male,22,Method - M2,Number,29700,26,4-64
PEC19C01,Population Projections based on Census 2022,2022,2022,026,26 years,2,Female,22,Method - M2,Number,29228,26,4-64
PEC19C01,Population Projections based on Census 2022,2022,2022,027,27 years,1,Male,22,Method - M2,Number,29492,27,4-64
PEC19C01,Population Projections based on Census 2022,2022,2022,027,27 years,2,Female,22,Method - M2,Number,29882,27,4-64
PEC19C01,Population Projections based on Census 2022,2022,2022,028,28 years,1,Male,22,Method - M2,Number,29191,28,4-64
PEC19C01,Population Projections based on Census 2022,2022,2022,028,28 years,2,Female,22,Method - M2,Number,30009,28,4-64
PEC19C01,Population Projections based on Census 2022,2022,2022,029,29 years,1,Male,22,Method - M2,Number,30220,29,4-64
PEC19C01,Population Projections based on Census 2022,2022,2022,029,29 years,2,Female,22,Method - M2,Number,31113,29,4-64
PEC19C01,Population Projections based on Census 2022,2022,2022,030,30 years,1,Male,22,Method - M2,Number,31289,30,4-64
PEC19C01,Population Projections based on Census 2022,2022,2022,030,30 years,2,Female,22,Method - M2,Number,33291,30,4-64
PEC19C01,Population Projections based on Census 2022,2022,2022,031,31 years,1,Male,22,Method - M2,Number,32386,31,4-64
PEC19C01,Population Projections based on Census 2022,2022,2022,031,31 years,2,Female,22,Method - M2,Number,33897,31,4-64
PEC19C01,Population Projections based on Census 2022,2022,2022,032,32 years,1,Male,22,Method - M2,Number,32518,32,4-64
PEC19C01,Population Projections based on Census 2022,2022,2022,032,32 years,2,Female,22,Method - M2,Number,34641,32,4-64
PEC19C01,Population Projections based on Census 2022,2022,2022,033,33 years,1,Male,22,Method - M2,Number,32003,33,4-64
PEC19C01,Population Projections based on Census 2022,2022,2022,033,33 years,2,Female,22,Method - M2,Number,34714,33,4-64
PEC19C01,Population Projections based on Census 2022,2022,2022,034,34 years,1,Male,22,Method - M2,Number,33231,34,4-64
PEC19C01,Population Projections based on Census 2022,2022,2022,034,34 years,2,Female,22,Method - M2,Number,36556,34,4-64
PEC19C01,Population Projections based on Census 2022,2022,2022,035,35 years,1,Male,22,Method - M2,Number,35118,35,4-64
PEC19C01,Population Projections based on Census 2022,2022,2022,035,35 years,2,Female,22,Method - M2,Number,38447,35,4-64
PEC19C01,Population Projections based on Census 2022,2022,2022,036,36 years,1,Male,22,Method - M2,Number,35934,36,4-64
PEC19C01,Population Projections based on Census 2022,2022,2022,036,36 years,2,Female,22,Method - M2,Number,39277,36,4-64
PEC19C01,Population Projections based on Census 2022,2022,2022,037,37 years,1,Male,22,Method - M2,Number,36580,37,4-64
PEC19C01,Population Projections based on Census 2022,2022,2022,037,37 years,2,Female,22,Method - M2,Number,39571,37,4-64
PEC19C01,Population Projections based on Census 2022,2022,2022,038,38 years,1,Male,22,Method - M2,Number,37770,38,4-64
PEC19C01,Population Projections based on Census 2022,2022,2022,038,38 years,2,Female,22,Method - M2,Number,41246,38,4-64
PEC19C01,Population Projections based on Census 2022,2022,2022,039,39 years,1,Male,22,Method - M2,Number,38941,39,4-64
PEC19C01,Population Projections based on Census 2022,2022,2022,039,39 years,2,Female,22,Method - M2,Number,42926,39,4-64
PEC19C01,Population Projections based on Census 2022,2022,2022,040,40 years,1,Male,22,Method - M2,Number,40992,40,4-64
PEC19C01,Population Projections based on Census 2022,2022,2022,040,40 years,2,Female,22,Method - M2,Number,43855,40,4-64
PEC19C01,Population Projections based on Census 2022,2022,2022,041,41 years,1,Male,22,Method - M2,Number,41594,41,4-64
PEC19C01,Population Projections based on Census 2022,2022,2022,041,41 years,2,Female,22,Method - M2,Number,43916,41,4-64
PEC19C01,Population Projections based on Census 2022,2022,2022,042,42 years,1,Male,22,Method - M2,Number,41906,42,4-64
PEC19C01,Population Projections based on Census 2022,2022,2022,042,42 years,2,Female,22,Method - M2,Number,43656,42,4-64
PEC19C01,Population Projections based on Census 2022,2022,2022,043,43 years,1,Male,22,Method - M2,Number,39469,43,4-64
PEC19C01,Population Projections based on Census 2022,2022,2022,043,43 years,2,Female,22,Method - M2,Number,41612,43,4-64
PEC19C01,Population Projections based on Census 2022,2022,2022,044,44 years,1,Male,22,Method - M2,Number,38112,44,4-64
PEC19C01,Population Projections based on Census 2022,2022,2022,044,44 years,2,Female,22,Method - M2,Number,39614,44,4-64
PEC19C01,Population Projections based on Census 2022,2022,2022,045,45 years,1,Male,22,Method - M2,Number,38181,45,4-64
PEC19C01,Population Projections based on Census 2022,2022,2022,045,45 years,2,Female,22,Method - M2,Number,38925,45,4-64
PEC19C01,Population Projections based on Census 2022,2022,2022,046,46 years,1,Male,22,Method - M2,Number,37494,46,4-64
PEC19C01,Population Projections based on Census 2022,2022,2022,046,46 years,2,Female,22,Method - M2,Number,38327,46,4-64
PEC19C01,Population Projections based on Census 2022,2022,2022,047,47 years,1,Male,22,Method - M2,Number,37191,47,4-64
PEC19C01,Population Projections based on Census 2022,2022,2022,047,47 years,2,Female,22,Method - M2,Number,37661,47,4-64
PEC19C01,Population Projections based on Census 2022,2022,2022,048,48 years,1,Male,22,Method - M2,Number,36716,48,4-64
PEC19C01,Population Projections based on Census 2022,2022,2022,048,48 years,2,Female,22,Method - M2,Number,37348,48,4-64
PEC19C01,Population Projections based on Census 2022,2022,2022,049,49 years,1,Male,22,Method - M2,Number,36901,49,4-64
PEC19C01,Population Projections based on Census 2022,2022,2022,049,49 years,2,Female,22,Method - M2,Number,37261,49,4-64
PEC19C01,Population Projections based on Census 2022,2022,2022,050,50 years,1,Male,22,Method - M2,Number,36699,50,4-64
PEC19C01,Population Projections based on Census 2022,2022,2022,050,50 years,2,Female,22,Method - M2,Number,36829,50,4-64
PEC19C01,Population Projections based on Census 2022,2022,2022,051,51 years,1,Male,22,Method - M2,Number,35102,51,4-64
PEC19C01,Population Projections based on Census 2022,2022,2022,051,51 years,2,Female,22,Method - M2,Number,35246,51,4-64
PEC19C01,Population Projections based on Census 2022,2022,2022,052,52 years,1,Male,22,Method - M2,Number,34538,52,4-64
PEC19C01,Population Projections based on Census 2022,2022,2022,052,52 years,2,Female,22,Method - M2,Number,34618,52,4-64
PEC19C01,Population Projections based on Census 2022,2022,2022,053,53 years,1,Male,22,Method - M2,Number,32837,53,4-64
PEC19C01,Population Projections based on Census 2022,2022,2022,053,53 years,2,Female,22,Method - M2,Number,32392,53,4-64
PEC19C01,Population Projections based on Census 2022,2022,2022,054,54 years,1,Male,22,Method - M2,Number,32266,54,4-64
PEC19C01,Population Projections based on Census 2022,2022,2022,054,54 years,2,Female,22,Method - M2,Number,32352,54,4-64
PEC19C01,Population Projections based on Census 2022,2022,2022,055,55 years,1,Male,22,Method - M2,Number,31799,55,4-64
PEC19C01,Population Projections based on Census 2022,2022,2022,055,55 years,2,Female,22,Method - M2,Number,31962,55,4-64
PEC19C01,Population Projections based on Census 2022,2022,2022,056,56 years,1,Male,22,Method - M2,Number,30921,56,4-64
PEC19C01,Population Projections based on Census 2022,2022,2022,056,56 years,2,Female,22,Method - M2,Number,31438,56,4-64
PEC19C01,Population Projections based on Census 2022,2022,2022,057,57 years,1,Male,22,Method - M2,Number,31079,57,4-64
PEC19C01,Population Projections based on Census 2022,2022,2022,057,57 years,2,Female,22,Method - M2,Number,32022,57,4-64
PEC19C01,Population Projections based on Census 2022,2022,2022,058,58 years,1,Male,22,Method - M2,Number,30029,58,4-64
PEC19C01,Population Projections based on Census 2022,2022,2022,058,58 years,2,Female,22,Method - M2,Number,30879,58,4-64
PEC19C01,Population Projections based on Census 2022,2022,2022,059,59 years,1,Male,22,Method - M2,Number,29408,59,4-64
PEC19C01,Population Projections based on Census 2022,2022,2022,059,59 years,2,Female,22,Method - M2,Number,30207,59,4-64
PEC19C01,Population Projections based on Census 2022,2022,2022,060,60 years,1,Male,22,Method - M2,Number,29163,60,4-64
PEC19C01,Population Projections based on Census 2022,2022,2022,060,60 years,2,Female,22,Method - M2,Number,29757,60,4-64
PEC19C01,Population Projections based on Census 2022,2022,2022,061,61 years,1,Male,22,Method - M2,Number,28010,61,4-64
PEC19C01,Population Projections based on Census 2022,2022,2022,061,61 years,2,Female,22,Method - M2,Number,29099,61,4-64
PEC19C01,Population Projections based on Census 2022,2022,2022,062,62 years,1,Male,22,Method - M2,Number,27386,62,4-64
PEC19C01,Population Projections based on Census 2022,2022,2022,062,62 years,2,Female,22,Method - M2,Number,28139,62,4-64
PEC19C01,Population Projections based on Census 2022,2022,2022,063,63 years,1,Male,22,Method - M2,Number,26138,63,4-64
PEC19C01,Population Projections based on Census 2022,2022,2022,063,63 years,2,Female,22,Method - M2,Number,26509,63,4-64
PEC19C01,Population Projections based on Census 2022,2022,2022,064,64 years,1,Male,22,Method - M2,Number,25318,64,4-64
PEC19C01,Population Projections based on Census 2022,2022,2022,064,64 years,2,Female,22,Method - M2,Number,26315,64,4-64
PEC19C01,Population Projections based on Census 2022,2022,2022,065,65 years,1,Male,22,Method - M2,Number,25345,65,65+
PEC19C01,Population Projections based on Census 2022,2022,2022,065,65 years,2,Female,22,Method - M2,Number,25646,65,65+
PEC19C01,Population Projections based on Census 2022,2022,2022,066,66 years,1,Male,22,Method - M2,Number,24004,66,65+
PEC19C01,Population Projections based on Census 2022,2022,2022,066,66 years,2,Female,22,Method - M2,Number,24867,66,65+
PEC19C01,Population Projections based on Census 2022,2022,2022,067,67 years,1,Male,22,Method - M2,Number,23827,67,65+
PEC19C01,Population Projections based on Census 2022,2022,2022,067,67 years,2,Female,22,Method - M2,Number,24674,67,65+
PEC19C01,Population Projections based on Census 2022,2022,2022,068,68 years,1,Male,22,Method - M2,Number,22711,68,65+
PEC19C01,Population Projections based on Census 2022,2022,2022,068,68 years,2,Female,22,Method - M2,Number,23179,68,65+
PEC19C01,Population Projections based on Census 2022,2022,2022,069,69 years,1,Male,22,Method - M2,Number,22708,69,65+
PEC19C01,Population Projections based on Census 2022,2022,2022,069,69 years,2,Female,22,Method - M2,Number,23521,69,65+
PEC19C01,Population Projections based on Census 2022,2022,2022,070,70 years,1,Male,22,Method - M2,Number,21647,70,65+
PEC19C01,Population Projections based on Census 2022,2022,2022,070,70 years,2,Female,22,Method - M2,Number,22366,70,65+
PEC19C01,Population Projections based on Census 2022,2022,2022,071,71 years,1,Male,22,Method - M2,Number,20585,71,65+
PEC19C01,Population Projections based on Census 2022,2022,2022,071,71 years,2,Female,22,Method - M2,Number,21348,71,65+
PEC19C01,Population Projections based on Census 2022,2022,2022,072,72 years,1,Male,22,Method - M2,Number,20118,72,65+
PEC19C01,Population Projections based on Census 2022,2022,2022,072,72 years,2,Female,22,Method - M2,Number,21294,72,65+
PEC19C01,Population Projections based on Census 2022,2022,2022,073,73 years,1,Male,22,Method - M2,Number,19247,73,65+
PEC19C01,Population Projections based on Census 2022,2022,2022,073,73 years,2,Female,22,Method - M2,Number,20250,73,65+
PEC19C01,Population Projections based on Census 2022,2022,2022,074,74 years,1,Male,22,Method - M2,Number,18570,74,65+
PEC19C01,Population Projections based on Census 2022,2022,2022,074,74 years,2,Female,22,Method - M2,Number,19259,74,65+
PEC19C01,Population Projections based on Census 2022,2022,2022,075,75 years,1,Male,22,Method - M2,Number,17638,75,65+
PEC19C01,Population Projections based on Census 2022,2022,2022,075,75 years,2,Female,22,Method - M2,Number,18449,75,65+
PEC19C01,Population Projections based on Census 2022,2022,2022,076,76 years,1,Male,22,Method - M2,Number,16193,76,65+
PEC19C01,Population Projections based on Census 2022,2022,2022,076,76 years,2,Female,22,Method - M2,Number,17744,76,65+
PEC19C01,Population Projections based on Census 2022,2022,2022,077,77 years,1,Male,22,Method - M2,Number,14671,77,65+
PEC19C01,Population Projections based on Census 2022,2022,2022,077,77 years,2,Female,22,Method - M2,Number,16015,77,65+
PEC19C01,Population Projections based on Census 2022,2022,2022,078,78 years,1,Male,22,Method - M2,Number,13423,78,65+
PEC19C01,Population Projections based on Census 2022,2022,2022,078,78 years,2,Female,22,Method - M2,Number,14696,78,65+
PEC19C01,Population Projections based on Census 2022,2022,2022,079,79 years,1,Male,22,Method - M2,Number,12212,79,65+
PEC19C01,Population Projections based on Census 2022,2022,2022,079,79 years,2,Female,22,Method - M2,Number,13976,79,65+
PEC19C01,Population Projections based on Census 2022,2022,2022,080,80 years,1,Male,22,Method - M2,Number,10769,80,65+
PEC19C01,Population Projections based on Census 2022,2022,2022,080,80 years,2,Female,22,Method - M2,Number,12231,80,65+
PEC19C01,Population Projections based on Census 2022,2022,2022,081,81 years,1,Male,22,Method - M2,Number,9486,81,65+
PEC19C01,Population Projections based on Census 2022,2022,2022,081,81 years,2,Female,22,Method - M2,Number,11186,81,65+
PEC19C01,Population Projections based on Census 2022,2022,2022,082,82 years,1,Male,22,Method - M2,Number,8794,82,65+
PEC19C01,Population Projections based on Census 2022,2022,2022,082,82 years,2,Female,22,Method - M2,Number,10761,82,65+
PEC19C01,Population Projections based on Census 2022,2022,2022,083,83 years,1,Male,22,Method - M2,Number,7920,83,65+
PEC19C01,Population Projections based on Census 2022,2022,2022,083,83 years,2,Female,22,Method - M2,Number,9970,83,65+
PEC19C01,Population Projections based on Census 2022,2022,2022,084,84 years,1,Male,22,Method - M2,Number,6755,84,65+
PEC19C01,Population Projections based on Census 2022,2022,2022,084,84 years,2,Female,22,Method - M2,Number,8886,84,65+
PEC19C01,Population Projections based on Census 2022,2022,2022,085,85 years,1,Male,22,Method - M2,Number,6174,85,65+
PEC19C01,Population Projections based on Census 2022,2022,2022,085,85 years,2,Female,22,Method - M2,Number,8312,85,65+
PEC19C01,Population Projections based on Census 2022,2022,2022,086,86 years,1,Male,22,Method - M2,Number,5365,86,65+
PEC19C01,Population Projections based on Census 2022,2022,2022,086,86 years,2,Female,22,Method - M2,Number,7491,86,65+
PEC19C01,Population Projections based on Census 2022,2022,2022,087,87 years,1,Male,22,Method - M2,Number,4499,87,65+
PEC19C01,Population Projections based on Census 2022,2022,2022,087,87 years,2,Female,22,Method - M2,Number,6756,87,65+
PEC19C01,Population Projections based on Census 2022,2022,2022,088,88 years,1,Male,22,Method - M2,Number,3772,88,65+
PEC19C01,Population Projections based on Census 2022,2022,2022,088,88 years,2,Female,22,Method - M2,Number,5924,88,65+
PEC19C01,Population Projections based on Census 2022,2022,2022,089,89 years,1,Male,22,Method - M2,Number,3023,89,65+
PEC19C01,Population Projections based on Census 2022,2022,2022,089,89 years,2,Female,22,Method - M2,Number,4942,89,65+
PEC19C01,Population Projections based on Census 2022,2022,2022,090,90 years,1,Male,22,Method - M2,Number,2446,90,65+
PEC19C01,Population Projections based on Census 2022,2022,2022,090,90 years,2,Female,22,Method - M2,Number,4278,90,65+
PEC19C01,Population Projections based on Census 2022,2022,2022,091,91 years,1,Male,22,Method - M2,Number,1941,91,65+
PEC19C01,Population Projections based on Census 2022,2022,2022,091,91 years,2,Female,22,Method - M2,Number,3779,91,65+
PEC19C01,Population Projections based on Census 2022,2022,2022,092,92 years,1,Male,22,Method - M2,Number,1297,92,65+
PEC19C01,Population Projections based on Census 2022,2022,2022,092,92 years,2,Female,22,Method - M2,Number,2797,92,65+
PEC19C01,Population Projections based on Census 2022,2022,2022,093,93 years,1,Male,22,Method - M2,Number,937,93,65+
PEC19C01,Population Projections based on Census 2022,2022,2022,093,93 years,2,Female,22,Method - M2,Number,2314,93,65+
PEC19C01,Population Projections based on Census 2022,2022,2022,094,94 years,1,Male,22,Method - M2,Number,717,94,65+
PEC19C01,Population Projections based on Census 2022,2022,2022,094,94 years,2,Female,22,Method - M2,Number,1736,94,65+
PEC19C01,Population Projections based on Census 2022,2022,2022,095,95 years,1,Male,22,Method - M2,Number,481,95,65+
PEC19C01,Population Projections based on Census 2022,2022,2022,095,95 years,2,Female,22,Method - M2,Number,1340,95,65+
PEC19C01,Population Projections based on Census 2022,2022,2022,096,96 years,1,Male,22,Method - M2,Number,327,96,65+
PEC19C01,Population Projections based on Census 2022,2022,2022,096,96 years,2,Female,22,Method - M2,Number,955,96,65+
PEC19C01,Population Projections based on Census 2022,2022,2022,097,97 years,1,Male,22,Method - M2,Number,218,97,65+
PEC19C01,Population Projections based on Census 2022,2022,2022,097,97 years,2,Female,22,Method - M2,Number,731,97,65+
PEC19C01,Population Projections based on Census 2022,2022,2022,098,98 years,1,Male,22,Method - M2,Number,130,98,65+
PEC19C01,Population Projections based on Census 2022,2022,2022,098,98 years,2,Female,22,Method - M2,Number,491,98,65+
PEC19C01,Population Projections based on Census 2022,2022,2022,646,99 years and over,1,Male,22,Method - M2,Number,259,99,65+
PEC19C01,Population Projections based on Census 2022,2022,2022,646,99 years and over,2,Female,22,Method - M2,Number,926,99,65+
PEC19C01,Population Projections based on Census 2022,2030,2030,200,Under 1 year,1,Male,22,Method - M2,Number,26931,0,0-3
PEC19C01,Population Projections based on Census 2022,2030,2030,200,Under 1 year,2,Female,22,Method - M2,Number,25559,0,0-3
PEC19C01,Population Projections based on Census 2022,2030,2030,001,1 year,1,Male,22,Method - M2,Number,27290,1,0-3
PEC19C01,Population Projections based on Census 2022,2030,2030,001,1 year,2,Female,22,Method - M2,Number,25911,1,0-3
PEC19C01,Population Projections based on Census 2022,2030,2030,002,2 years,1,Male,22,Method - M2,Number,27751,2,0-3
PEC19C01,Population Projections based on Census 2022,2030,2030,002,2 years,2,Female,22,Method - M2,Number,26347,2,0-3
PEC19C01,Population Projections based on Census 2022,2030,2030,003,3 years,1,Male,22,Method - M2,Number,28296,3,0-3
PEC19C01,Population Projections based on Census 2022,2030,2030,003,3 years,2,Female,22,Method - M2,Number,26855,3,0-3
PEC19C01,Population Projections based on Census 2022,2030,2030,004,4 years,1,Male,22,Method - M2,Number,28887,4,4-64
PEC19C01,Population Projections based on Census 2022,2030,2030,004,4 years,2,Female,22,Method - M2,Number,27429,4,4-64
PEC19C01,Population Projections based on Census 2022,2030,2030,005,5 years,1,Male,22,Method - M2,Number,29429,5,4-64
PEC19C01,Population Projections based on Census 2022,2030,2030,005,5 years,2,Female,22,Method - M2,Number,27910,5,4-64
PEC19C01,Population Projections based on Census 2022,2030,2030,006,6 years,1,Male,22,Method - M2,Number,29969,6,4-64
PEC19C01,Population Projections based on Census 2022,2030,2030,006,6 years,2,Female,22,Method - M2,Number,28418,6,4-64
PEC19C01,Population Projections based on Census 2022,2030,2030,007,7 years,1,Male,22,Method - M2,Number,31344,7,4-64
PEC19C01,Population Projections based on Census 2022,2030,2030,007,7 years,2,Female,22,Method - M2,Number,29711,7,4-64
PEC19C01,Population Projections based on Census 2022,2030,2030,008,8 years,1,Male,22,Method - M2,Number,31428,8,4-64
PEC19C01,Population Projections based on Census 2022,2030,2030,008,8 years,2,Female,22,Method - M2,Number,29895,8,4-64
PEC19C01,Population Projections based on Census 2022,2030,2030,009,9 years,1,Male,22,Method - M2,Number,30839,9,4-64
PEC19C01,Population Projections based on Census 2022,2030,2030,009,9 years,2,Female,22,Method - M2,Number,29354,9,4-64
PEC19C01,Population Projections based on Census 2022,2030,2030,010,10 years,1,Male,22,Method - M2,Number,32075,10,4-64
PEC19C01,Population Projections based on Census 2022,2030,2030,010,10 years,2,Female,22,Method - M2,Number,30665,10,4-64
PEC19C01,Population Projections based on Census 2022,2030,2030,011,11 years,1,Male,22,Method - M2,Number,32858,11,4-64
PEC19C01,Population Projections based on Census 2022,2030,2030,011,11 years,2,Female,22,Method - M2,Number,31225,11,4-64
PEC19C01,Population Projections based on Census 2022,2030,2030,012,12 years,1,Male,22,Method - M2,Number,33559,12,4-64
PEC19C01,Population Projections based on Census 2022,2030,2030,012,12 years,2,Female,22,Method - M2,Number,31593,12,4-64
PEC19C01,Population Projections based on Census 2022,2030,2030,013,13 years,1,Male,22,Method - M2,Number,34564,13,4-64
PEC19C01,Population Projections based on Census 2022,2030,2030,013,13 years,2,Female,22,Method - M2,Number,33131,13,4-64
PEC19C01,Population Projections based on Census 2022,2030,2030,014,14 years,1,Male,22,Method - M2,Number,35878,14,4-64
PEC19C01,Population Projections based on Census 2022,2030,2030,014,14 years,2,Female,22,Method - M2,Number,34359,14,4-64
PEC19C01,Population Projections based on Census 2022,2030,2030,015,15 years,1,Male,22,Method - M2,Number,37164,15,4-64
PEC19C01,Population Projections based on Census 2022,2030,2030,015,15 years,2,Female,22,Method - M2,Number,35387,15,4-64
PEC19C01,Population Projections based on Census 2022,2030,2030,016,16 years,1,Male,22,Method - M2,Number,37955,16,4-64
PEC19C01,Population Projections based on Census 2022,2030,2030,016,16 years,2,Female,22,Method - M2,Number,36392,16,4-64
PEC19C01,Population Projections based on Census 2022,2030,2030,017,17 years,1,Male,22,Method - M2,Number,38611,17,4-64
PEC19C01,Population Projections based on Census 2022,2030,2030,017,17 years,2,Female,22,Method - M2,Number,37208,17,4-64
PEC19C01,Population Projections based on Census 2022,2030,2030,018,18 years,1,Male,22,Method - M2,Number,39616,18,4-64
PEC19C01,Population Projections based on Census 2022,2030,2030,018,18 years,2,Female,22,Method - M2,Number,38111,18,4-64
PEC19C01,Population Projections based on Census 2022,2030,2030,019,19 years,1,Male,22,Method - M2,Number,39674,19,4-64
PEC19C01,Population Projections based on Census 2022,2030,2030,019,19 years,2,Female,22,Method - M2,Number,38920,19,4-64
PEC19C01,Population Projections based on Census 2022,2030,2030,020,20 years,1,Male,22,Method - M2,Number,40231,20,4-64
PEC19C01,Population Projections based on Census 2022,2030,2030,020,20 years,2,Female,22,Method - M2,Number,39481,20,4-64
PEC19C01,Population Projections based on Census 2022,2030,2030,021,21 years,1,Male,22,Method - M2,Number,39594,21,4-64
PEC19C01,Population Projections based on Census 2022,2030,2030,021,21 years,2,Female,22,Method - M2,Number,39036,21,4-64
PEC19C01,Population Projections based on Census 2022,2030,2030,022,22 years,1,Male,22,Method - M2,Number,38661,22,4-64
PEC19C01,Population Projections based on Census 2022,2030,2030,022,22 years,2,Female,22,Method - M2,Number,38567,22,4-64
PEC19C01,Population Projections based on Census 2022,2030,2030,023,23 years,1,Male,22,Method - M2,Number,37069,23,4-64
PEC19C01,Population Projections based on Census 2022,2030,2030,023,23 years,2,Female,22,Method - M2,Number,36717,23,4-64
PEC19C01,Population Projections based on Census 2022,2030,2030,024,24 years,1,Male,22,Method - M2,Number,35740,24,4-64
PEC19C01,Population Projections based on Census 2022,2030,2030,024,24 years,2,Female,22,Method - M2,Number,35361,24,4-64
PEC19C01,Population Projections based on Census 2022,2030,2030,025,25 years,1,Male,22,Method - M2,Number,36399,25,4-64
PEC19C01,Population Projections based on Census 2022,2030,2030,025,25 years,2,Female,22,Method - M2,Number,35487,25,4-64
PEC19C01,Population Projections based on Census 2022,2030,2030,026,26 years,1,Male,22,Method - M2,Number,35773,26,4-64
PEC19C01,Population Projections based on Census 2022,2030,2030,026,26 years,2,Female,22,Method - M2,Number,35818,26,4-64
PEC19C01,Population Projections based on Census 2022,2030,2030,027,27 years,1,Male,22,Method - M2,Number,35380,27,4-64
PEC19C01,Population Projections based on Census 2022,2030,2030,027,27 years,2,Female,22,Method - M2,Number,35461,27,4-64
PEC19C01,Population Projections based on Census 2022,2030,2030,028,28 years,1,Male,22,Method - M2,Number,35303,28,4-64
PEC19C01,Population Projections based on Census 2022,2030,2030,028,28 years,2,Female,22,Method - M2,Number,35724,28,4-64
PEC19C01,Population Projections based on Census 2022,2030,2030,029,29 years,1,Male,22,Method - M2,Number,34808,29,4-64
PEC19C01,Population Projections based on Census 2022,2030,2030,029,29 years,2,Female,22,Method - M2,Number,34949,29,4-64
PEC19C01,Population Projections based on Census 2022,2030,2030,030,30 years,1,Male,22,Method - M2,Number,35769,30,4-64
PEC19C01,Population Projections based on Census 2022,2030,2030,030,30 years,2,Female,22,Method - M2,Number,36109,30,4-64
PEC19C01,Population Projections based on Census 2022,2030,2030,031,31 years,1,Male,22,Method - M2,Number,35819,31,4-64
PEC19C01,Population Projections based on Census 2022,2030,2030,031,31 years,2,Female,22,Method - M2,Number,35801,31,4-64
PEC19C01,Population Projections based on Census 2022,2030,2030,032,32 years,1,Male,22,Method - M2,Number,35623,32,4-64
PEC19C01,Population Projections based on Census 2022,2030,2030,032,32 years,2,Female,22,Method - M2,Number,35612,32,4-64
PEC19C01,Population Projections based on Census 2022,2030,2030,033,33 years,1,Male,22,Method - M2,Number,35156,33,4-64
PEC19C01,Population Projections based on Census 2022,2030,2030,033,33 years,2,Female,22,Method - M2,Number,35398,33,4-64
PEC19C01,Population Projections based on Census 2022,2030,2030,034,34 years,1,Male,22,Method - M2,Number,34238,34,4-64
PEC19C01,Population Projections based on Census 2022,2030,2030,034,34 years,2,Female,22,Method - M2,Number,34694,34,4-64
PEC19C01,Population Projections based on Census 2022,2030,2030,035,35 years,1,Male,22,Method - M2,Number,33865,35,4-64
PEC19C01,Population Projections based on Census 2022,2030,2030,035,35 years,2,Female,22,Method - M2,Number,35204,35,4-64
PEC19C01,Population Projections based on Census 2022,2030,2030,036,36 years,1,Male,22,Method - M2,Number,33413,36,4-64
PEC19C01,Population Projections based on Census 2022,2030,2030,036,36 years,2,Female,22,Method - M2,Number,35235,36,4-64
PEC19C01,Population Projections based on Census 2022,2030,2030,037,37 years,1,Male,22,Method - M2,Number,34277,37,4-64
PEC19C01,Population Projections based on Census 2022,2030,2030,037,37 years,2,Female,22,Method - M2,Number,36261,37,4-64
PEC19C01,Population Projections based on Census 2022,2030,2030,038,38 years,1,Male,22,Method - M2,Number,35191,38,4-64
PEC19C01,Population Projections based on Census 2022,2030,2030,038,38 years,2,Female,22,Method - M2,Number,38376,38,4-64
PEC19C01,Population Projections based on Census 2022,2030,2030,039,39 years,1,Male,22,Method - M2,Number,36178,39,4-64
PEC19C01,Population Projections based on Census 2022,2030,2030,039,39 years,2,Female,22,Method - M2,Number,38976,39,4-64
PEC19C01,Population Projections based on Census 2022,2030,2030,040,40 years,1,Male,22,Method - M2,Number,36236,40,4-64
PEC19C01,Population Projections based on Census 2022,2030,2030,040,40 years,2,Female,22,Method - M2,Number,39699,40,4-64
PEC19C01,Population Projections based on Census 2022,2030,2030,041,41 years,1,Male,22,Method - M2,Number,35677,41,4-64
PEC19C01,Population Projections based on Census 2022,2030,2030,041,41 years,2,Female,22,Method - M2,Number,39779,41,4-64
PEC19C01,Population Projections based on Census 2022,2030,2030,042,42 years,1,Male,22,Method - M2,Number,36867,42,4-64
PEC19C01,Population Projections based on Census 2022,2030,2030,042,42 years,2,Female,22,Method - M2,Number,41625,42,4-64
PEC19C01,Population Projections based on Census 2022,2030,2030,043,43 years,1,Male,22,Method - M2,Number,38780,43,4-64
PEC19C01,Population Projections based on Census 2022,2030,2030,043,43 years,2,Female,22,Method - M2,Number,43565,43,4-64
PEC19C01,Population Projections based on Census 2022,2030,2030,044,44 years,1,Male,22,Method - M2,Number,39644,44,4-64
PEC19C01,Population Projections based on Census 2022,2030,2030,044,44 years,2,Female,22,Method - M2,Number,44432,44,4-64
PEC19C01,Population Projections based on Census 2022,2030,2030,045,45 years,1,Male,22,Method - M2,Number,39998,45,4-64
PEC19C01,Population Projections based on Census 2022,2030,2030,045,45 years,2,Female,22,Method - M2,Number,44283,45,4-64
PEC19C01,Population Projections based on Census 2022,2030,2030,046,46 years,1,Male,22,Method - M2,Number,40873,46,4-64
PEC19C01,Population Projections based on Census 2022,2030,2030,046,46 years,2,Female,22,Method - M2,Number,45508,46,4-64
PEC19C01,Population Projections based on Census 2022,2030,2030,047,47 years,1,Male,22,Method - M2,Number,41731,47,4-64
PEC19C01,Population Projections based on Census 2022,2030,2030,047,47 years,2,Female,22,Method - M2,Number,46699,47,4-64
PEC19C01,Population Projections based on Census 2022,2030,2030,048,48 years,1,Male,22,Method - M2,Number,43453,48,4-64
PEC19C01,Population Projections based on Census 2022,2030,2030,048,48 years,2,Female,22,Method - M2,Number,47157,48,4-64
PEC19C01,Population Projections based on Census 2022,2030,2030,049,49 years,1,Male,22,Method - M2,Number,43745,49,4-64
PEC19C01,Population Projections based on Census 2022,2030,2030,049,49 years,2,Female,22,Method - M2,Number,46689,49,4-64
PEC19C01,Population Projections based on Census 2022,2030,2030,050,50 years,1,Male,22,Method - M2,Number,43571,50,4-64
PEC19C01,Population Projections based on Census 2022,2030,2030,050,50 years,2,Female,22,Method - M2,Number,45778,50,4-64
PEC19C01,Population Projections based on Census 2022,2030,2030,051,51 years,1,Male,22,Method - M2,Number,40664,51,4-64
PEC19C01,Population Projections based on Census 2022,2030,2030,051,51 years,2,Female,22,Method - M2,Number,43052,51,4-64
PEC19C01,Population Projections based on Census 2022,2030,2030,052,52 years,1,Male,22,Method - M2,Number,38600,52,4-64
PEC19C01,Population Projections based on Census 2022,2030,2030,052,52 years,2,Female,22,Method - M2,Number,40210,52,4-64
PEC19C01,Population Projections based on Census 2022,2030,2030,053,53 years,1,Male,22,Method - M2,Number,38652,53,4-64
PEC19C01,Population Projections based on Census 2022,2030,2030,053,53 years,2,Female,22,Method - M2,Number,39525,53,4-64
PEC19C01,Population Projections based on Census 2022,2030,2030,054,54 years,1,Male,22,Method - M2,Number,38017,54,4-64
PEC19C01,Population Projections based on Census 2022,2030,2030,054,54 years,2,Female,22,Method - M2,Number,38946,54,4-64
PEC19C01,Population Projections based on Census 2022,2030,2030,055,55 years,1,Male,22,Method - M2,Number,37721,55,4-64
PEC19C01,Population Projections based on Census 2022,2030,2030,055,55 years,2,Female,22,Method - M2,Number,38303,55,4-64
PEC19C01,Population Projections based on Census 2022,2030,2030,056,56 years,1,Male,22,Method - M2,Number,37251,56,4-64
PEC19C01,Population Projections based on Census 2022,2030,2030,056,56 years,2,Female,22,Method - M2,Number,37974,56,4-64
PEC19C01,Population Projections based on Census 2022,2030,2030,057,57 years,1,Male,22,Method - M2,Number,37381,57,4-64
PEC19C01,Population Projections based on Census 2022,2030,2030,057,57 years,2,Female,22,Method - M2,Number,37850,57,4-64
PEC19C01,Population Projections based on Census 2022,2030,2030,058,58 years,1,Male,22,Method - M2,Number,37126,58,4-64
PEC19C01,Population Projections based on Census 2022,2030,2030,058,58 years,2,Female,22,Method - M2,Number,37383,58,4-64
PEC19C01,Population Projections based on Census 2022,2030,2030,059,59 years,1,Male,22,Method - M2,Number,35510,59,4-64
PEC19C01,Population Projections based on Census 2022,2030,2030,059,59 years,2,Female,22,Method - M2,Number,35810,59,4-64
PEC19C01,Population Projections based on Census 2022,2030,2030,060,60 years,1,Male,22,Method - M2,Number,34885,60,4-64
PEC19C01,Population Projections based on Census 2022,2030,2030,060,60 years,2,Female,22,Method - M2,Number,35173,60,4-64
PEC19C01,Population Projections based on Census 2022,2030,2030,061,61 years,1,Male,22,Method - M2,Number,33177,61,4-64
PEC19C01,Population Projections based on Census 2022,2030,2030,061,61 years,2,Female,22,Method - M2,Number,32960,61,4-64
PEC19C01,Population Projections based on Census 2022,2030,2030,062,62 years,1,Male,22,Method - M2,Number,32527,62,4-64
PEC19C01,Population Projections based on Census 2022,2030,2030,062,62 years,2,Female,22,Method - M2,Number,32873,62,4-64
PEC19C01,Population Projections based on Census 2022,2030,2030,063,63 years,1,Male,22,Method - M2,Number,32004,63,4-64
PEC19C01,Population Projections based on Census 2022,2030,2030,063,63 years,2,Female,22,Method - M2,Number,32429,63,4-64
PEC19C01,Population Projections based on Census 2022,2030,2030,064,64 years,1,Male,22,Method - M2,Number,31071,64,4-64
PEC19C01,Population Projections based on Census 2022,2030,2030,064,64 years,2,Female,22,Method - M2,Number,31862,64,4-64
PEC19C01,Population Projections based on Census 2022,2030,2030,065,65 years,1,Male,22,Method - M2,Number,30916,65,65+
PEC19C01,Population Projections based on Census 2022,2030,2030,065,65 years,2,Female,22,Method - M2,Number,32229,65,65+
PEC19C01,Population Projections based on Census 2022,2030,2030,066,66 years,1,Male,22,Method - M2,Number,29630,66,65+
PEC19C01,Population Projections based on Census 2022,2030,2030,066,66 years,2,Female,22,Method - M2,Number,30902,66,65+
PEC19C01,Population Projections based on Census 2022,2030,2030,067,67 years,1,Male,22,Method - M2,Number,28753,67,65+
PEC19C01,Population Projections based on Census 2022,2030,2030,067,67 years,2,Female,22,Method - M2,Number,30019,67,65+
PEC19C01,Population Projections based on Census 2022,2030,2030,068,68 years,1,Male,22,Method - M2,Number,28204,68,65+
PEC19C01,Population Projections based on Census 2022,2030,2030,068,68 years,2,Female,22,Method - M2,Number,29345,68,65+
PEC19C01,Population Projections based on Census 2022,2030,2030,069,69 years,1,Male,22,Method - M2,Number,26779,69,65+
PEC19C01,Population Projections based on Census 2022,2030,2030,069,69 years,2,Female,22,Method - M2,Number,28461,69,65+
PEC19C01,Population Projections based on Census 2022,2030,2030,070,70 years,1,Male,22,Method - M2,Number,25841,70,65+
PEC19C01,Population Projections based on Census 2022,2030,2030,070,70 years,2,Female,22,Method - M2,Number,27294,70,65+
PEC19C01,Population Projections based on Census 2022,2030,2030,071,71 years,1,Male,22,Method - M2,Number,24283,71,65+
PEC19C01,Population Projections based on Census 2022,2030,2030,071,71 years,2,Female,22,Method - M2,Number,25463,71,65+
PEC19C01,Population Projections based on Census 2022,2030,2030,072,72 years,1,Male,22,Method - M2,Number,23104,72,65+
PEC19C01,Population Projections based on Census 2022,2030,2030,072,72 years,2,Female,22,Method - M2,Number,24956,72,65+
PEC19C01,Population Projections based on Census 2022,2030,2030,073,73 years,1,Male,22,Method - M2,Number,22895,73,65+
PEC19C01,Population Projections based on Census 2022,2030,2030,073,73 years,2,Female,22,Method - M2,Number,24165,73,65+
PEC19C01,Population Projections based on Census 2022,2030,2030,074,74 years,1,Male,22,Method - M2,Number,21439,74,65+
PEC19C01,Population Projections based on Census 2022,2030,2030,074,74 years,2,Female,22,Method - M2,Number,23275,74,65+
PEC19C01,Population Projections based on Census 2022,2030,2030,075,75 years,1,Male,22,Method - M2,Number,20972,75,65+
PEC19C01,Population Projections based on Census 2022,2030,2030,075,75 years,2,Female,22,Method - M2,Number,22873,75,65+
PEC19C01,Population Projections based on Census 2022,2030,2030,076,76 years,1,Male,22,Method - M2,Number,19635,76,65+
PEC19C01,Population Projections based on Census 2022,2030,2030,076,76 years,2,Female,22,Method - M2,Number,21240,76,65+
PEC19C01,Population Projections based on Census 2022,2030,2030,077,77 years,1,Male,22,Method - M2,Number,19217,77,65+
PEC19C01,Population Projections based on Census 2022,2030,2030,077,77 years,2,Female,22,Method - M2,Number,21244,77,65+
PEC19C01,Population Projections based on Census 2022,2030,2030,078,78 years,1,Male,22,Method - M2,Number,17903,78,65+
PEC19C01,Population Projections based on Census 2022,2030,2030,078,78 years,2,Female,22,Method - M2,Number,19878,78,65+
PEC19C01,Population Projections based on Census 2022,2030,2030,079,79 years,1,Male,22,Method - M2,Number,16588,79,65+
PEC19C01,Population Projections based on Census 2022,2030,2030,079,79 years,2,Female,22,Method - M2,Number,18644,79,65+
PEC19C01,Population Projections based on Census 2022,2030,2030,080,80 years,1,Male,22,Method - M2,Number,15734,80,65+
PEC19C01,Population Projections based on Census 2022,2030,2030,080,80 years,2,Female,22,Method - M2,Number,18202,80,65+
PEC19C01,Population Projections based on Census 2022,2030,2030,081,81 years,1,Male,22,Method - M2,Number,14575,81,65+
PEC19C01,Population Projections based on Census 2022,2030,2030,081,81 years,2,Female,22,Method - M2,Number,16906,81,65+
PEC19C01,Population Projections based on Census 2022,2030,2030,082,82 years,1,Male,22,Method - M2,Number,13556,82,65+
PEC19C01,Population Projections based on Census 2022,2030,2030,082,82 years,2,Female,22,Method - M2,Number,15642,82,65+
PEC19C01,Population Projections based on Census 2022,2030,2030,083,83 years,1,Male,22,Method - M2,Number,12341,83,65+
PEC19C01,Population Projections based on Census 2022,2030,2030,083,83 years,2,Female,22,Method - M2,Number,14502,83,65+
PEC19C01,Population Projections based on Census 2022,2030,2030,084,84 years,1,Male,22,Method - M2,Number,10833,84,65+
PEC19C01,Population Projections based on Census 2022,2030,2030,084,84 years,2,Female,22,Method - M2,Number,13470,84,65+
PEC19C01,Population Projections based on Census 2022,2030,2030,085,85 years,1,Male,22,Method - M2,Number,9334,85,65+
PEC19C01,Population Projections based on Census 2022,2030,2030,085,85 years,2,Female,22,Method - M2,Number,11691,85,65+
PEC19C01,Population Projections based on Census 2022,2030,2030,086,86 years,1,Male,22,Method - M2,Number,8050,86,65+
PEC19C01,Population Projections based on Census 2022,2030,2030,086,86 years,2,Female,22,Method - M2,Number,10235,86,65+
PEC19C01,Population Projections based on Census 2022,2030,2030,087,87 years,1,Male,22,Method - M2,Number,6849,87,65+
PEC19C01,Population Projections based on Census 2022,2030,2030,087,87 years,2,Female,22,Method - M2,Number,9217,87,65+
PEC19C01,Population Projections based on Census 2022,2030,2030,088,88 years,1,Male,22,Method - M2,Number,5604,88,65+
PEC19C01,Population Projections based on Census 2022,2030,2030,088,88 years,2,Female,22,Method - M2,Number,7595,88,65+
PEC19C01,Population Projections based on Census 2022,2030,2030,089,89 years,1,Male,22,Method - M2,Number,4538,89,65+
PEC19C01,Population Projections based on Census 2022,2030,2030,089,89 years,2,Female,22,Method - M2,Number,6478,89,65+
PEC19C01,Population Projections based on Census 2022,2030,2030,090,90 years,1,Male,22,Method - M2,Number,3826,90,65+
PEC19C01,Population Projections based on Census 2022,2030,2030,090,90 years,2,Female,22,Method - M2,Number,5756,90,65+
PEC19C01,Population Projections based on Census 2022,2030,2030,091,91 years,1,Male,22,Method - M2,Number,3109,91,65+
PEC19C01,Population Projections based on Census 2022,2030,2030,091,91 years,2,Female,22,Method - M2,Number,4889,91,65+
PEC19C01,Population Projections based on Census 2022,2030,2030,092,92 years,1,Male,22,Method - M2,Number,2375,92,65+
PEC19C01,Population Projections based on Census 2022,2030,2030,092,92 years,2,Female,22,Method - M2,Number,3952,92,65+
PEC19C01,Population Projections based on Census 2022,2030,2030,093,93 years,1,Male,22,Method - M2,Number,1906,93,65+
PEC19C01,Population Projections based on Census 2022,2030,2030,093,93 years,2,Female,22,Method - M2,Number,3304,93,65+
PEC19C01,Population Projections based on Census 2022,2030,2030,094,94 years,1,Male,22,Method - M2,Number,1445,94,65+
PEC19C01,Population Projections based on Census 2022,2030,2030,094,94 years,2,Female,22,Method - M2,Number,2636,94,65+
PEC19C01,Population Projections based on Census 2022,2030,2030,095,95 years,1,Male,22,Method - M2,Number,1052,95,65+
PEC19C01,Population Projections based on Census 2022,2030,2030,095,95 years,2,Female,22,Method - M2,Number,2071,95,65+
PEC19C01,Population Projections based on Census 2022,2030,2030,096,96 years,1,Male,22,Method - M2,Number,750,96,65+
PEC19C01,Population Projections based on Census 2022,2030,2030,096,96 years,2,Female,22,Method - M2,Number,1552,96,65+
PEC19C01,Population Projections based on Census 2022,2030,2030,097,97 years,1,Male,22,Method - M2,Number,511,97,65+
PEC19C01,Population Projections based on Census 2022,2030,2030,097,97 years,2,Female,22,Method - M2,Number,1095,97,65+
PEC19C01,Population Projections based on Census 2022,2030,2030,098,98 years,1,Male,22,Method - M2,Number,348,98,65+
PEC19C01,Population Projections based on Census 2022,2030,2030,098,98 years,2,Female,22,Method - M2,Number,794,98,65+
PEC19C01,Population Projections based on Census 2022,2030,2030,646,99 years and over,1,Male,22,Method - M2,Number,564,99,65+
PEC19C01,Population Projections based on Census 2022,2030,2030,646,99 years and over,2,Female,22,Method - M2,Number,1432,99,65+
PEC19C01,Population Projections based on Census 2022,2040,2040,200,Under 1 year,1,Male,22,Method - M2,Number,26636,0,0-3
PEC19C01,Population Projections based on Census 2022,2040,2040,200,Under 1 year,2,Female,22,Method - M2,Number,25277,0,0-3
PEC19C01,Population Projections based on Census 2022,2040,2040,001,1 year,1,Male,22,Method - M2,Number,26589,1,0-3
PEC19C01,Population Projections based on Census 2022,2040,2040,001,1 year,2,Female,22,Method - M2,Number,25244,1,0-3
PEC19C01,Population Projections based on Census 2022,2040,2040,002,2 years,1,Male,22,Method - M2,Number,26530,2,0-3
PEC19C01,Population Projections based on Census 2022,2040,2040,002,2 years,2,Female,22,Method - M2,Number,25186,2,0-3
PEC19C01,Population Projections based on Census 2022,2040,2040,003,3 years,1,Male,22,Method - M2,Number,26781,3,0-3
PEC19C01,Population Projections based on Census 2022,2040,2040,003,3 years,2,Female,22,Method - M2,Number,25417,3,0-3
PEC19C01,Population Projections based on Census 2022,2040,2040,004,4 years,1,Male,22,Method - M2,Number,26993,4,4-64
PEC19C01,Population Projections based on Census 2022,2040,2040,004,4 years,2,Female,22,Method - M2,Number,25629,4,4-64
PEC19C01,Population Projections based on Census 2022,2040,2040,005,5 years,1,Male,22,Method - M2,Number,27226,5,4-64
PEC19C01,Population Projections based on Census 2022,2040,2040,005,5 years,2,Female,22,Method - M2,Number,25816,5,4-64
PEC19C01,Population Projections based on Census 2022,2040,2040,006,6 years,1,Male,22,Method - M2,Number,27425,6,4-64
PEC19C01,Population Projections based on Census 2022,2040,2040,006,6 years,2,Female,22,Method - M2,Number,26005,6,4-64
PEC19C01,Population Projections based on Census 2022,2040,2040,007,7 years,1,Male,22,Method - M2,Number,27660,7,4-64
PEC19C01,Population Projections based on Census 2022,2040,2040,007,7 years,2,Female,22,Method - M2,Number,26223,7,4-64
PEC19C01,Population Projections based on Census 2022,2040,2040,008,8 years,1,Male,22,Method - M2,Number,27965,8,4-64
PEC19C01,Population Projections based on Census 2022,2040,2040,008,8 years,2,Female,22,Method - M2,Number,26519,8,4-64
PEC19C01,Population Projections based on Census 2022,2040,2040,009,9 years,1,Male,22,Method - M2,Number,28279,9,4-64
PEC19C01,Population Projections based on Census 2022,2040,2040,009,9 years,2,Female,22,Method - M2,Number,26815,9,4-64
PEC19C01,Population Projections based on Census 2022,2040,2040,010,10 years,1,Male,22,Method - M2,Number,28598,10,4-64
PEC19C01,Population Projections based on Census 2022,2040,2040,010,10 years,2,Female,22,Method - M2,Number,27124,10,4-64
PEC19C01,Population Projections based on Census 2022,2040,2040,011,11 years,1,Male,22,Method - M2,Number,28939,11,4-64
PEC19C01,Population Projections based on Census 2022,2040,2040,011,11 years,2,Female,22,Method - M2,Number,27439,11,4-64
PEC19C01,Population Projections based on Census 2022,2040,2040,012,12 years,1,Male,22,Method - M2,Number,29367,12,4-64
PEC19C01,Population Projections based on Census 2022,2040,2040,012,12 years,2,Female,22,Method - M2,Number,27843,12,4-64
PEC19C01,Population Projections based on Census 2022,2040,2040,013,13 years,1,Male,22,Method - M2,Number,29903,13,4-64
PEC19C01,Population Projections based on Census 2022,2040,2040,013,13 years,2,Female,22,Method - M2,Number,28364,13,4-64
PEC19C01,Population Projections based on Census 2022,2040,2040,014,14 years,1,Male,22,Method - M2,Number,30442,14,4-64
PEC19C01,Population Projections based on Census 2022,2040,2040,014,14 years,2,Female,22,Method - M2,Number,28873,14,4-64
PEC19C01,Population Projections based on Census 2022,2040,2040,015,15 years,1,Male,22,Method - M2,Number,30885,15,4-64
PEC19C01,Population Projections based on Census 2022,2040,2040,015,15 years,2,Female,22,Method - M2,Number,29447,15,4-64
PEC19C01,Population Projections based on Census 2022,2040,2040,016,16 years,1,Male,22,Method - M2,Number,31346,16,4-64
PEC19C01,Population Projections based on Census 2022,2040,2040,016,16 years,2,Female,22,Method - M2,Number,30036,16,4-64
PEC19C01,Population Projections based on Census 2022,2040,2040,017,17 years,1,Male,22,Method - M2,Number,32673,17,4-64
PEC19C01,Population Projections based on Census 2022,2040,2040,017,17 years,2,Female,22,Method - M2,Number,31366,17,4-64
PEC19C01,Population Projections based on Census 2022,2040,2040,018,18 years,1,Male,22,Method - M2,Number,32666,18,4-64
PEC19C01,Population Projections based on Census 2022,2040,2040,018,18 years,2,Female,22,Method - M2,Number,31579,18,4-64
PEC19C01,Population Projections based on Census 2022,2040,2040,019,19 years,1,Male,22,Method - M2,Number,31953,19,4-64
PEC19C01,Population Projections based on Census 2022,2040,2040,019,19 years,2,Female,22,Method - M2,Number,31075,19,4-64
PEC19C01,Population Projections based on Census 2022,2040,2040,020,20 years,1,Male,22,Method - M2,Number,33045,20,4-64
PEC19C01,Population Projections based on Census 2022,2040,2040,020,20 years,2,Female,22,Method - M2,Number,32386,20,4-64
PEC19C01,Population Projections based on Census 2022,2040,2040,021,21 years,1,Male,22,Method - M2,Number,33663,21,4-64
PEC19C01,Population Projections based on Census 2022,2040,2040,021,21 years,2,Female,22,Method - M2,Number,32908,21,4-64
PEC19C01,Population Projections based on Census 2022,2040,2040,022,22 years,1,Male,22,Method - M2,Number,34186,22,4-64
PEC19C01,Population Projections based on Census 2022,2040,2040,022,22 years,2,Female,22,Method - M2,Number,33214,22,4-64
PEC19C01,Population Projections based on Census 2022,2040,2040,023,23 years,1,Male,22,Method - M2,Number,34999,23,4-64
PEC19C01,Population Projections based on Census 2022,2040,2040,023,23 years,2,Female,22,Method - M2,Number,34679,23,4-64
PEC19C01,Population Projections based on Census 2022,2040,2040,024,24 years,1,Male,22,Method - M2,Number,36197,24,4-64
PEC19C01,Population Projections based on Census 2022,2040,2040,024,24 years,2,Female,22,Method - M2,Number,35898,24,4-64
PEC19C01,Population Projections based on Census 2022,2040,2040,025,25 years,1,Male,22,Method - M2,Number,37905,25,4-64
PEC19C01,Population Projections based on Census 2022,2040,2040,025,25 years,2,Female,22,Method - M2,Number,37294,25,4-64
PEC19C01,Population Projections based on Census 2022,2040,2040,026,26 years,1,Male,22,Method - M2,Number,39070,26,4-64
PEC19C01,Population Projections based on Census 2022,2040,2040,026,26 years,2,Female,22,Method - M2,Number,38626,26,4-64
PEC19C01,Population Projections based on Census 2022,2040,2040,027,27 years,1,Male,22,Method - M2,Number,40032,27,4-64
PEC19C01,Population Projections based on Census 2022,2040,2040,027,27 years,2,Female,22,Method - M2,Number,39807,27,4-64
PEC19C01,Population Projections based on Census 2022,2040,2040,028,28 years,1,Male,22,Method - M2,Number,41401,28,4-64
PEC19C01,Population Projections based on Census 2022,2040,2040,028,28 years,2,Female,22,Method - M2,Number,41058,28,4-64
PEC19C01,Population Projections based on Census 2022,2040,2040,029,29 years,1,Male,22,Method - M2,Number,41841,29,4-64
PEC19C01,Population Projections based on Census 2022,2040,2040,029,29 years,2,Female,22,Method - M2,Number,42172,29,4-64
PEC19C01,Population Projections based on Census 2022,2040,2040,030,30 years,1,Male,22,Method - M2,Number,42760,30,4-64
PEC19C01,Population Projections based on Census 2022,2040,2040,030,30 years,2,Female,22,Method - M2,Number,43045,30,4-64
PEC19C01,Population Projections based on Census 2022,2040,2040,031,31 years,1,Male,22,Method - M2,Number,42494,31,4-64
PEC19C01,Population Projections based on Census 2022,2040,2040,031,31 years,2,Female,22,Method - M2,Number,42942,31,4-64
PEC19C01,Population Projections based on Census 2022,2040,2040,032,32 years,1,Male,22,Method - M2,Number,41921,32,4-64
PEC19C01,Population Projections based on Census 2022,2040,2040,032,32 years,2,Female,22,Method - M2,Number,42841,32,4-64
PEC19C01,Population Projections based on Census 2022,2040,2040,033,33 years,1,Male,22,Method - M2,Number,40679,33,4-64
PEC19C01,Population Projections based on Census 2022,2040,2040,033,33 years,2,Female,22,Method - M2,Number,41346,33,4-64
PEC19C01,Population Projections based on Census 2022,2040,2040,034,34 years,1,Male,22,Method - M2,Number,39763,34,4-64
PEC19C01,Population Projections based on Census 2022,2040,2040,034,34 years,2,Female,22,Method - M2,Number,40447,34,4-64
PEC19C01,Population Projections based on Census 2022,2040,2040,035,35 years,1,Male,22,Method - M2,Number,40198,35,4-64
PEC19C01,Population Projections based on Census 2022,2040,2040,035,35 years,2,Female,22,Method - M2,Number,40405,35,4-64
PEC19C01,Population Projections based on Census 2022,2040,2040,036,36 years,1,Male,22,Method - M2,Number,39403,36,4-64
PEC19C01,Population Projections based on Census 2022,2040,2040,036,36 years,2,Female,22,Method - M2,Number,40599,36,4-64
PEC19C01,Population Projections based on Census 2022,2040,2040,037,37 years,1,Male,22,Method - M2,Number,38843,37,4-64
PEC19C01,Population Projections based on Census 2022,2040,2040,037,37 years,2,Female,22,Method - M2,Number,40099,37,4-64
PEC19C01,Population Projections based on Census 2022,2040,2040,038,38 years,1,Male,22,Method - M2,Number,38598,38,4-64
PEC19C01,Population Projections based on Census 2022,2040,2040,038,38 years,2,Female,22,Method - M2,Number,40250,38,4-64
PEC19C01,Population Projections based on Census 2022,2040,2040,039,39 years,1,Male,22,Method - M2,Number,37963,39,4-64
PEC19C01,Population Projections based on Census 2022,2040,2040,039,39 years,2,Female,22,Method - M2,Number,39431,39,4-64
PEC19C01,Population Projections based on Census 2022,2040,2040,040,40 years,1,Male,22,Method - M2,Number,38819,40,4-64
PEC19C01,Population Projections based on Census 2022,2040,2040,040,40 years,2,Female,22,Method - M2,Number,40558,40,4-64
PEC19C01,Population Projections based on Census 2022,2040,2040,041,41 years,1,Male,22,Method - M2,Number,38775,41,4-64
PEC19C01,Population Projections based on Census 2022,2040,2040,041,41 years,2,Female,22,Method - M2,Number,40257,41,4-64
PEC19C01,Population Projections based on Census 2022,2040,2040,042,42 years,1,Male,22,Method - M2,Number,38558,42,4-64
PEC19C01,Population Projections based on Census 2022,2040,2040,042,42 years,2,Female,22,Method - M2,Number,40096,42,4-64
PEC19C01,Population Projections based on Census 2022,2040,2040,043,43 years,1,Male,22,Method - M2,Number,38106,43,4-64
PEC19C01,Population Projections based on Census 2022,2040,2040,043,43 years,2,Female,22,Method - M2,Number,39922,43,4-64
PEC19C01,Population Projections based on Census 2022,2040,2040,044,44 years,1,Male,22,Method - M2,Number,37187,44,4-64
PEC19C01,Population Projections based on Census 2022,2040,2040,044,44 years,2,Female,22,Method - M2,Number,39234,44,4-64
PEC19C01,Population Projections based on Census 2022,2040,2040,045,45 years,1,Male,22,Method - M2,Number,36560,45,4-64
PEC19C01,Population Projections based on Census 2022,2040,2040,045,45 years,2,Female,22,Method - M2,Number,39335,45,4-64
PEC19C01,Population Projections based on Census 2022,2040,2040,046,46 years,1,Male,22,Method - M2,Number,35822,46,4-64
PEC19C01,Population Projections based on Census 2022,2040,2040,046,46 years,2,Female,22,Method - M2,Number,38955,46,4-64
PEC19C01,Population Projections based on Census 2022,2040,2040,047,47 years,1,Male,22,Method - M2,Number,36429,47,4-64
PEC19C01,Population Projections based on Census 2022,2040,2040,047,47 years,2,Female,22,Method - M2,Number,39593,47,4-64
PEC19C01,Population Projections based on Census 2022,2040,2040,048,48 years,1,Male,22,Method - M2,Number,37108,48,4-64
PEC19C01,Population Projections based on Census 2022,2040,2040,048,48 years,2,Female,22,Method - M2,Number,41331,48,4-64
PEC19C01,Population Projections based on Census 2022,2040,2040,049,49 years,1,Male,22,Method - M2,Number,37867,49,4-64
PEC19C01,Population Projections based on Census 2022,2040,2040,049,49 years,2,Female,22,Method - M2,Number,41541,49,4-64
PEC19C01,Population Projections based on Census 2022,2040,2040,050,50 years,1,Male,22,Method - M2,Number,37690,50,4-64
PEC19C01,Population Projections based on Census 2022,2040,2040,050,50 years,2,Female,22,Method - M2,Number,41878,50,4-64
PEC19C01,Population Projections based on Census 2022,2040,2040,051,51 years,1,Male,22,Method - M2,Number,36915,51,4-64
PEC19C01,Population Projections based on Census 2022,2040,2040,051,51 years,2,Female,22,Method - M2,Number,41560,51,4-64
PEC19C01,Population Projections based on Census 2022,2040,2040,052,52 years,1,Male,22,Method - M2,Number,37814,52,4-64
PEC19C01,Population Projections based on Census 2022,2040,2040,052,52 years,2,Female,22,Method - M2,Number,42951,52,4-64
PEC19C01,Population Projections based on Census 2022,2040,2040,053,53 years,1,Male,22,Method - M2,Number,39417,53,4-64
PEC19C01,Population Projections based on Census 2022,2040,2040,053,53 years,2,Female,22,Method - M2,Number,44430,53,4-64
PEC19C01,Population Projections based on Census 2022,2040,2040,054,54 years,1,Male,22,Method - M2,Number,39921,54,4-64
PEC19C01,Population Projections based on Census 2022,2040,2040,054,54 years,2,Female,22,Method - M2,Number,44787,54,4-64
PEC19C01,Population Projections based on Census 2022,2040,2040,055,55 years,1,Male,22,Method - M2,Number,40258,55,4-64
PEC19C01,Population Projections based on Census 2022,2040,2040,055,55 years,2,Female,22,Method - M2,Number,44653,55,4-64
PEC19C01,Population Projections based on Census 2022,2040,2040,056,56 years,1,Male,22,Method - M2,Number,41131,56,4-64
PEC19C01,Population Projections based on Census 2022,2040,2040,056,56 years,2,Female,22,Method - M2,Number,45862,56,4-64
PEC19C01,Population Projections based on Census 2022,2040,2040,057,57 years,1,Male,22,Method - M2,Number,41952,57,4-64
PEC19C01,Population Projections based on Census 2022,2040,2040,057,57 years,2,Female,22,Method - M2,Number,47022,57,4-64
PEC19C01,Population Projections based on Census 2022,2040,2040,058,58 years,1,Male,22,Method - M2,Number,43590,58,4-64
PEC19C01,Population Projections based on Census 2022,2040,2040,058,58 years,2,Female,22,Method - M2,Number,47435,58,4-64
PEC19C01,Population Projections based on Census 2022,2040,2040,059,59 years,1,Male,22,Method - M2,Number,43791,59,4-64
PEC19C01,Population Projections based on Census 2022,2040,2040,059,59 years,2,Female,22,Method - M2,Number,46946,59,4-64
PEC19C01,Population Projections based on Census 2022,2040,2040,060,60 years,1,Male,22,Method - M2,Number,43536,60,4-64
PEC19C01,Population Projections based on Census 2022,2040,2040,060,60 years,2,Female,22,Method - M2,Number,46003,60,4-64
PEC19C01,Population Projections based on Census 2022,2040,2040,061,61 years,1,Male,22,Method - M2,Number,40644,61,4-64
PEC19C01,Population Projections based on Census 2022,2040,2040,061,61 years,2,Female,22,Method - M2,Number,43276,61,4-64
PEC19C01,Population Projections based on Census 2022,2040,2040,062,62 years,1,Male,22,Method - M2,Number,38550,62,4-64
PEC19C01,Population Projections based on Census 2022,2040,2040,062,62 years,2,Female,22,Method - M2,Number,40444,62,4-64
PEC19C01,Population Projections based on Census 2022,2040,2040,063,63 years,1,Male,22,Method - M2,Number,38514,63,4-64
PEC19C01,Population Projections based on Census 2022,2040,2040,063,63 years,2,Female,22,Method - M2,Number,39714,63,4-64
PEC19C01,Population Projections based on Census 2022,2040,2040,064,64 years,1,Male,22,Method - M2,Number,37788,64,4-64
PEC19C01,Population Projections based on Census 2022,2040,2040,064,64 years,2,Female,22,Method - M2,Number,39085,64,4-64
PEC19C01,Population Projections based on Census 2022,2040,2040,065,65 years,1,Male,22,Method - M2,Number,37204,65,65+
PEC19C01,Population Projections based on Census 2022,2040,2040,065,65 years,2,Female,22,Method - M2,Number,38248,65,65+
PEC19C01,Population Projections based on Census 2022,2040,2040,066,66 years,1,Male,22,Method - M2,Number,36455,66,65+
PEC19C01,Population Projections based on Census 2022,2040,2040,066,66 years,2,Female,22,Method - M2,Number,37704,66,65+
PEC19C01,Population Projections based on Census 2022,2040,2040,067,67 years,1,Male,22,Method - M2,Number,36266,67,65+
PEC19C01,Population Projections based on Census 2022,2040,2040,067,67 years,2,Female,22,Method - M2,Number,37375,67,65+
PEC19C01,Population Projections based on Census 2022,2040,2040,068,68 years,1,Male,22,Method - M2,Number,35705,68,65+
PEC19C01,Population Projections based on Census 2022,2040,2040,068,68 years,2,Female,22,Method - M2,Number,36703,68,65+
PEC19C01,Population Projections based on Census 2022,2040,2040,069,69 years,1,Male,22,Method - M2,Number,33854,69,65+
PEC19C01,Population Projections based on Census 2022,2040,2040,069,69 years,2,Female,22,Method - M2,Number,34939,69,65+
PEC19C01,Population Projections based on Census 2022,2040,2040,070,70 years,1,Male,22,Method - M2,Number,32916,70,65+
PEC19C01,Population Projections based on Census 2022,2040,2040,070,70 years,2,Female,22,Method - M2,Number,34073,70,65+
PEC19C01,Population Projections based on Census 2022,2040,2040,071,71 years,1,Male,22,Method - M2,Number,30965,71,65+
PEC19C01,Population Projections based on Census 2022,2040,2040,071,71 years,2,Female,22,Method - M2,Number,31710,71,65+
PEC19C01,Population Projections based on Census 2022,2040,2040,072,72 years,1,Male,22,Method - M2,Number,29988,72,65+
PEC19C01,Population Projections based on Census 2022,2040,2040,072,72 years,2,Female,22,Method - M2,Number,31349,72,65+
PEC19C01,Population Projections based on Census 2022,2040,2040,073,73 years,1,Male,22,Method - M2,Number,29070,73,65+
PEC19C01,Population Projections based on Census 2022,2040,2040,073,73 years,2,Female,22,Method - M2,Number,30621,73,65+
PEC19C01,Population Projections based on Census 2022,2040,2040,074,74 years,1,Male,22,Method - M2,Number,27748,74,65+
PEC19C01,Population Projections based on Census 2022,2040,2040,074,74 years,2,Female,22,Method - M2,Number,29747,74,65+
PEC19C01,Population Projections based on Census 2022,2040,2040,075,75 years,1,Male,22,Method - M2,Number,27259,75,65+
PEC19C01,Population Projections based on Census 2022,2040,2040,075,75 years,2,Female,22,Method - M2,Number,29831,75,65+
PEC19C01,Population Projections based on Census 2022,2040,2040,076,76 years,1,Male,22,Method - M2,Number,25714,76,65+
PEC19C01,Population Projections based on Census 2022,2040,2040,076,76 years,2,Female,22,Method - M2,Number,28319,76,65+
PEC19C01,Population Projections based on Census 2022,2040,2040,077,77 years,1,Male,22,Method - M2,Number,24487,77,65+
PEC19C01,Population Projections based on Census 2022,2040,2040,077,77 years,2,Female,22,Method - M2,Number,27174,77,65+
PEC19C01,Population Projections based on Census 2022,2040,2040,078,78 years,1,Male,22,Method - M2,Number,23513,78,65+
PEC19C01,Population Projections based on Census 2022,2040,2040,078,78 years,2,Female,22,Method - M2,Number,26183,78,65+
PEC19C01,Population Projections based on Census 2022,2040,2040,079,79 years,1,Male,22,Method - M2,Number,21815,79,65+
PEC19C01,Population Projections based on Census 2022,2040,2040,079,79 years,2,Female,22,Method - M2,Number,24994,79,65+
PEC19C01,Population Projections based on Census 2022,2040,2040,080,80 years,1,Male,22,Method - M2,Number,20505,80,65+
PEC19C01,Population Projections based on Census 2022,2040,2040,080,80 years,2,Female,22,Method - M2,Number,23526,80,65+
PEC19C01,Population Projections based on Census 2022,2040,2040,081,81 years,1,Male,22,Method - M2,Number,18713,81,65+
PEC19C01,Population Projections based on Census 2022,2040,2040,081,81 years,2,Female,22,Method - M2,Number,21498,81,65+
PEC19C01,Population Projections based on Census 2022,2040,2040,082,82 years,1,Male,22,Method - M2,Number,17224,82,65+
PEC19C01,Population Projections based on Census 2022,2040,2040,082,82 years,2,Female,22,Method - M2,Number,20552,82,65+
PEC19C01,Population Projections based on Census 2022,2040,2040,083,83 years,1,Male,22,Method - M2,Number,16415,83,65+
PEC19C01,Population Projections based on Census 2022,2040,2040,083,83 years,2,Female,22,Method - M2,Number,19334,83,65+
PEC19C01,Population Projections based on Census 2022,2040,2040,084,84 years,1,Male,22,Method - M2,Number,14715,84,65+
PEC19C01,Population Projections based on Census 2022,2040,2040,084,84 years,2,Female,22,Method - M2,Number,18008,84,65+
PEC19C01,Population Projections based on Census 2022,2040,2040,085,85 years,1,Male,22,Method - M2,Number,13691,85,65+
PEC19C01,Population Projections based on Census 2022,2040,2040,085,85 years,2,Female,22,Method - M2,Number,17030,85,65+
PEC19C01,Population Projections based on Census 2022,2040,2040,086,86 years,1,Male,22,Method - M2,Number,12133,86,65+
PEC19C01,Population Projections based on Census 2022,2040,2040,086,86 years,2,Female,22,Method - M2,Number,15146,86,65+
PEC19C01,Population Projections based on Census 2022,2040,2040,087,87 years,1,Male,22,Method - M2,Number,11156,87,65+
PEC19C01,Population Projections based on Census 2022,2040,2040,087,87 years,2,Female,22,Method - M2,Number,14412,87,65+
PEC19C01,Population Projections based on Census 2022,2040,2040,088,88 years,1,Male,22,Method - M2,Number,9695,88,65+
PEC19C01,Population Projections based on Census 2022,2040,2040,088,88 years,2,Female,22,Method - M2,Number,12751,88,65+
PEC19C01,Population Projections based on Census 2022,2040,2040,089,89 years,1,Male,22,Method - M2,Number,8309,89,65+
PEC19C01,Population Projections based on Census 2022,2040,2040,089,89 years,2,Female,22,Method - M2,Number,11222,89,65+
PEC19C01,Population Projections based on Census 2022,2040,2040,090,90 years,1,Male,22,Method - M2,Number,7223,90,65+
PEC19C01,Population Projections based on Census 2022,2040,2040,090,90 years,2,Female,22,Method - M2,Number,10188,90,65+
PEC19C01,Population Projections based on Census 2022,2040,2040,091,91 years,1,Male,22,Method - M2,Number,6070,91,65+
PEC19C01,Population Projections based on Census 2022,2040,2040,091,91 years,2,Female,22,Method - M2,Number,8729,91,65+
PEC19C01,Population Projections based on Census 2022,2040,2040,092,92 years,1,Male,22,Method - M2,Number,5058,92,65+
PEC19C01,Population Projections based on Census 2022,2040,2040,092,92 years,2,Female,22,Method - M2,Number,7363,92,65+
PEC19C01,Population Projections based on Census 2022,2040,2040,093,93 years,1,Male,22,Method - M2,Number,4057,93,65+
PEC19C01,Population Projections based on Census 2022,2040,2040,093,93 years,2,Female,22,Method - M2,Number,6130,93,65+
PEC19C01,Population Projections based on Census 2022,2040,2040,094,94 years,1,Male,22,Method - M2,Number,3084,94,65+
PEC19C01,Population Projections based on Census 2022,2040,2040,094,94 years,2,Female,22,Method - M2,Number,5021,94,65+
PEC19C01,Population Projections based on Census 2022,2040,2040,095,95 years,1,Male,22,Method - M2,Number,2259,95,65+
PEC19C01,Population Projections based on Census 2022,2040,2040,095,95 years,2,Female,22,Method - M2,Number,3772,95,65+
PEC19C01,Population Projections based on Census 2022,2040,2040,096,96 years,1,Male,22,Method - M2,Number,1616,96,65+
PEC19C01,Population Projections based on Census 2022,2040,2040,096,96 years,2,Female,22,Method - M2,Number,2794,96,65+
PEC19C01,Population Projections based on Census 2022,2040,2040,097,97 years,1,Male,22,Method - M2,Number,1117,97,65+
PEC19C01,Population Projections based on Census 2022,2040,2040,097,97 years,2,Female,22,Method - M2,Number,2074,97,65+
PEC19C01,Population Projections based on Census 2022,2040,2040,098,98 years,1,Male,22,Method - M2,Number,725,98,65+
PEC19C01,Population Projections based on Census 2022,2040,2040,098,98 years,2,Female,22,Method - M2,Number,1381,98,65+
PEC19C01,Population Projections based on Census 2022,2040,2040,646,99 years and over,1,Male,22,Method - M2,Number,1120,99,65+
PEC19C01,Population Projections based on Census 2022,2040,2040,646,99 years and over,2,Female,22,Method - M2,Number,2404,99,65+
PEC19C01,Population Projections based on Census 2022,2050,2050,200,Under 1 year,1,Male,22,Method - M2,Number,26209,0,0-3
PEC19C01,Population Projections based on Census 2022,2050,2050,200,Under 1 year,2,Female,22,Method - M2,Number,24872,0,0-3
PEC19C01,Population Projections based on Census 2022,2050,2050,001,1 year,1,Male,22,Method - M2,Number,26686,1,0-3
PEC19C01,Population Projections based on Census 2022,2050,2050,001,1 year,2,Female,22,Method - M2,Number,25335,1,0-3
PEC19C01,Population Projections based on Census 2022,2050,2050,002,2 years,1,Male,22,Method - M2,Number,27129,2,0-3
PEC19C01,Population Projections based on Census 2022,2050,2050,002,2 years,2,Female,22,Method - M2,Number,25755,2,0-3
PEC19C01,Population Projections based on Census 2022,2050,2050,003,3 years,1,Male,22,Method - M2,Number,27465,3,0-3
PEC19C01,Population Projections based on Census 2022,2050,2050,003,3 years,2,Female,22,Method - M2,Number,26065,3,0-3
PEC19C01,Population Projections based on Census 2022,2050,2050,004,4 years,1,Male,22,Method - M2,Number,27735,4,4-64
PEC19C01,Population Projections based on Census 2022,2050,2050,004,4 years,2,Female,22,Method - M2,Number,26334,4,4-64
PEC19C01,Population Projections based on Census 2022,2050,2050,005,5 years,1,Male,22,Method - M2,Number,27985,5,4-64
PEC19C01,Population Projections based on Census 2022,2050,2050,005,5 years,2,Female,22,Method - M2,Number,26539,5,4-64
PEC19C01,Population Projections based on Census 2022,2050,2050,006,6 years,1,Male,22,Method - M2,Number,28178,6,4-64
PEC19C01,Population Projections based on Census 2022,2050,2050,006,6 years,2,Female,22,Method - M2,Number,26721,6,4-64
PEC19C01,Population Projections based on Census 2022,2050,2050,007,7 years,1,Male,22,Method - M2,Number,28303,7,4-64
PEC19C01,Population Projections based on Census 2022,2050,2050,007,7 years,2,Female,22,Method - M2,Number,26832,7,4-64
PEC19C01,Population Projections based on Census 2022,2050,2050,008,8 years,1,Male,22,Method - M2,Number,28352,8,4-64
PEC19C01,Population Projections based on Census 2022,2050,2050,008,8 years,2,Female,22,Method - M2,Number,26884,8,4-64
PEC19C01,Population Projections based on Census 2022,2050,2050,009,9 years,1,Male,22,Method - M2,Number,28322,9,4-64
PEC19C01,Population Projections based on Census 2022,2050,2050,009,9 years,2,Female,22,Method - M2,Number,26851,9,4-64
PEC19C01,Population Projections based on Census 2022,2050,2050,010,10 years,1,Male,22,Method - M2,Number,28283,10,4-64
PEC19C01,Population Projections based on Census 2022,2050,2050,010,10 years,2,Female,22,Method - M2,Number,26818,10,4-64
PEC19C01,Population Projections based on Census 2022,2050,2050,011,11 years,1,Male,22,Method - M2,Number,28215,11,4-64
PEC19C01,Population Projections based on Census 2022,2050,2050,011,11 years,2,Female,22,Method - M2,Number,26746,11,4-64
PEC19C01,Population Projections based on Census 2022,2050,2050,012,12 years,1,Male,22,Method - M2,Number,28126,12,4-64
PEC19C01,Population Projections based on Census 2022,2050,2050,012,12 years,2,Female,22,Method - M2,Number,26662,12,4-64
PEC19C01,Population Projections based on Census 2022,2050,2050,013,13 years,1,Male,22,Method - M2,Number,28371,13,4-64
PEC19C01,Population Projections based on Census 2022,2050,2050,013,13 years,2,Female,22,Method - M2,Number,26902,13,4-64
PEC19C01,Population Projections based on Census 2022,2050,2050,014,14 years,1,Male,22,Method - M2,Number,28527,14,4-64
PEC19C01,Population Projections based on Census 2022,2050,2050,014,14 years,2,Female,22,Method - M2,Number,27052,14,4-64
PEC19C01,Population Projections based on Census 2022,2050,2050,015,15 years,1,Male,22,Method - M2,Number,28661,15,4-64
PEC19C01,Population Projections based on Census 2022,2050,2050,015,15 years,2,Female,22,Method - M2,Number,27330,15,4-64
PEC19C01,Population Projections based on Census 2022,2050,2050,016,16 years,1,Male,22,Method - M2,Number,28785,16,4-64
PEC19C01,Population Projections based on Census 2022,2050,2050,016,16 years,2,Female,22,Method - M2,Number,27601,16,4-64
PEC19C01,Population Projections based on Census 2022,2050,2050,017,17 years,1,Male,22,Method - M2,Number,28975,17,4-64
PEC19C01,Population Projections based on Census 2022,2050,2050,017,17 years,2,Female,22,Method - M2,Number,27859,17,4-64
PEC19C01,Population Projections based on Census 2022,2050,2050,018,18 years,1,Male,22,Method - M2,Number,29188,18,4-64
PEC19C01,Population Projections based on Census 2022,2050,2050,018,18 years,2,Female,22,Method - M2,Number,28184,18,4-64
PEC19C01,Population Projections based on Census 2022,2050,2050,019,19 years,1,Male,22,Method - M2,Number,29378,19,4-64
PEC19C01,Population Projections based on Census 2022,2050,2050,019,19 years,2,Female,22,Method - M2,Number,28518,19,4-64
PEC19C01,Population Projections based on Census 2022,2050,2050,020,20 years,1,Male,22,Method - M2,Number,29554,20,4-64
PEC19C01,Population Projections based on Census 2022,2050,2050,020,20 years,2,Female,22,Method - M2,Number,28827,20,4-64
PEC19C01,Population Projections based on Census 2022,2050,2050,021,21 years,1,Male,22,Method - M2,Number,29733,21,4-64
PEC19C01,Population Projections based on Census 2022,2050,2050,021,21 years,2,Female,22,Method - M2,Number,29106,21,4-64
PEC19C01,Population Projections based on Census 2022,2050,2050,022,22 years,1,Male,22,Method - M2,Number,29986,22,4-64
PEC19C01,Population Projections based on Census 2022,2050,2050,022,22 years,2,Female,22,Method - M2,Number,29449,22,4-64
PEC19C01,Population Projections based on Census 2022,2050,2050,023,23 years,1,Male,22,Method - M2,Number,30337,23,4-64
PEC19C01,Population Projections based on Census 2022,2050,2050,023,23 years,2,Female,22,Method - M2,Number,29905,23,4-64
PEC19C01,Population Projections based on Census 2022,2050,2050,024,24 years,1,Male,22,Method - M2,Number,30759,24,4-64
PEC19C01,Population Projections based on Census 2022,2050,2050,024,24 years,2,Female,22,Method - M2,Number,30376,24,4-64
PEC19C01,Population Projections based on Census 2022,2050,2050,025,25 years,1,Male,22,Method - M2,Number,31626,25,4-64
PEC19C01,Population Projections based on Census 2022,2050,2050,025,25 years,2,Female,22,Method - M2,Number,31319,25,4-64
PEC19C01,Population Projections based on Census 2022,2050,2050,026,26 years,1,Male,22,Method - M2,Number,32462,26,4-64
PEC19C01,Population Projections based on Census 2022,2050,2050,026,26 years,2,Female,22,Method - M2,Number,32242,26,4-64
PEC19C01,Population Projections based on Census 2022,2050,2050,027,27 years,1,Male,22,Method - M2,Number,34105,27,4-64
PEC19C01,Population Projections based on Census 2022,2050,2050,027,27 years,2,Female,22,Method - M2,Number,33941,27,4-64
PEC19C01,Population Projections based on Census 2022,2050,2050,028,28 years,1,Male,22,Method - M2,Number,34471,28,4-64
PEC19C01,Population Projections based on Census 2022,2050,2050,028,28 years,2,Female,22,Method - M2,Number,34501,28,4-64
PEC19C01,Population Projections based on Census 2022,2050,2050,029,29 years,1,Male,22,Method - M2,Number,34148,29,4-64
PEC19C01,Population Projections based on Census 2022,2050,2050,029,29 years,2,Female,22,Method - M2,Number,34311,29,4-64
PEC19C01,Population Projections based on Census 2022,2050,2050,030,30 years,1,Male,22,Method - M2,Number,35603,30,4-64
PEC19C01,Population Projections based on Census 2022,2050,2050,030,30 years,2,Female,22,Method - M2,Number,35937,30,4-64
PEC19C01,Population Projections based on Census 2022,2050,2050,031,31 years,1,Male,22,Method - M2,Number,36594,31,4-64
PEC19C01,Population Projections based on Census 2022,2050,2050,031,31 years,2,Female,22,Method - M2,Number,36805,31,4-64
PEC19C01,Population Projections based on Census 2022,2050,2050,032,32 years,1,Male,22,Method - M2,Number,37474,32,4-64
PEC19C01,Population Projections based on Census 2022,2050,2050,032,32 years,2,Female,22,Method - M2,Number,37479,32,4-64
PEC19C01,Population Projections based on Census 2022,2050,2050,033,33 years,1,Male,22,Method - M2,Number,38626,33,4-64
PEC19C01,Population Projections based on Census 2022,2050,2050,033,33 years,2,Female,22,Method - M2,Number,39294,33,4-64
PEC19C01,Population Projections based on Census 2022,2050,2050,034,34 years,1,Male,22,Method - M2,Number,40172,34,4-64
PEC19C01,Population Projections based on Census 2022,2050,2050,034,34 years,2,Female,22,Method - M2,Number,40913,34,4-64
PEC19C01,Population Projections based on Census 2022,2050,2050,035,35 years,1,Male,22,Method - M2,Number,41653,35,4-64
PEC19C01,Population Projections based on Census 2022,2050,2050,035,35 years,2,Female,22,Method - M2,Number,42143,35,4-64
PEC19C01,Population Projections based on Census 2022,2050,2050,036,36 years,1,Male,22,Method - M2,Number,42649,36,4-64
PEC19C01,Population Projections based on Census 2022,2050,2050,036,36 years,2,Female,22,Method - M2,Number,43334,36,4-64
PEC19C01,Population Projections based on Census 2022,2050,2050,037,37 years,1,Male,22,Method - M2,Number,43439,37,4-64
PEC19C01,Population Projections based on Census 2022,2050,2050,037,37 years,2,Female,22,Method - M2,Number,44373,37,4-64
PEC19C01,Population Projections based on Census 2022,2050,2050,038,38 years,1,Male,22,Method - M2,Number,44635,38,4-64
PEC19C01,Population Projections based on Census 2022,2050,2050,038,38 years,2,Female,22,Method - M2,Number,45514,38,4-64
PEC19C01,Population Projections based on Census 2022,2050,2050,039,39 years,1,Male,22,Method - M2,Number,44931,39,4-64
PEC19C01,Population Projections based on Census 2022,2050,2050,039,39 years,2,Female,22,Method - M2,Number,46586,39,4-64
PEC19C01,Population Projections based on Census 2022,2050,2050,040,40 years,1,Male,22,Method - M2,Number,45749,40,4-64
PEC19C01,Population Projections based on Census 2022,2050,2050,040,40 years,2,Female,22,Method - M2,Number,47425,40,4-64
PEC19C01,Population Projections based on Census 2022,2050,2050,041,41 years,1,Male,22,Method - M2,Number,45394,41,4-64
PEC19C01,Population Projections based on Census 2022,2050,2050,041,41 years,2,Female,22,Method - M2,Number,47327,41,4-64
PEC19C01,Population Projections based on Census 2022,2050,2050,042,42 years,1,Male,22,Method - M2,Number,44804,42,4-64
PEC19C01,Population Projections based on Census 2022,2050,2050,042,42 years,2,Female,22,Method - M2,Number,47254,42,4-64
PEC19C01,Population Projections based on Census 2022,2050,2050,043,43 years,1,Male,22,Method - M2,Number,43577,43,4-64
PEC19C01,Population Projections based on Census 2022,2050,2050,043,43 years,2,Female,22,Method - M2,Number,45801,43,4-64
PEC19C01,Population Projections based on Census 2022,2050,2050,044,44 years,1,Male,22,Method - M2,Number,42666,44,4-64
PEC19C01,Population Projections based on Census 2022,2050,2050,044,44 years,2,Female,22,Method - M2,Number,44923,44,4-64
PEC19C01,Population Projections based on Census 2022,2050,2050,045,45 years,1,Male,22,Method - M2,Number,42839,45,4-64
PEC19C01,Population Projections based on Census 2022,2050,2050,045,45 years,2,Female,22,Method - M2,Number,44474,45,4-64
PEC19C01,Population Projections based on Census 2022,2050,2050,046,46 years,1,Male,22,Method - M2,Number,41763,46,4-64
PEC19C01,Population Projections based on Census 2022,2050,2050,046,46 years,2,Female,22,Method - M2,Number,44263,46,4-64
PEC19C01,Population Projections based on Census 2022,2050,2050,047,47 years,1,Male,22,Method - M2,Number,40960,47,4-64
PEC19C01,Population Projections based on Census 2022,2050,2050,047,47 years,2,Female,22,Method - M2,Number,43381,47,4-64
PEC19C01,Population Projections based on Census 2022,2050,2050,048,48 years,1,Male,22,Method - M2,Number,40495,48,4-64
PEC19C01,Population Projections based on Census 2022,2050,2050,048,48 years,2,Female,22,Method - M2,Number,43167,48,4-64
PEC19C01,Population Projections based on Census 2022,2050,2050,049,49 years,1,Male,22,Method - M2,Number,39649,49,4-64
PEC19C01,Population Projections based on Census 2022,2050,2050,049,49 years,2,Female,22,Method - M2,Number,41970,49,4-64
PEC19C01,Population Projections based on Census 2022,2050,2050,050,50 years,1,Male,22,Method - M2,Number,40267,50,4-64
PEC19C01,Population Projections based on Census 2022,2050,2050,050,50 years,2,Female,22,Method - M2,Number,42713,50,4-64
PEC19C01,Population Projections based on Census 2022,2050,2050,051,51 years,1,Male,22,Method - M2,Number,39998,51,4-64
PEC19C01,Population Projections based on Census 2022,2050,2050,051,51 years,2,Female,22,Method - M2,Number,42014,51,4-64
PEC19C01,Population Projections based on Census 2022,2050,2050,052,52 years,1,Male,22,Method - M2,Number,39516,52,4-64
PEC19C01,Population Projections based on Census 2022,2050,2050,052,52 years,2,Female,22,Method - M2,Number,41426,52,4-64
PEC19C01,Population Projections based on Census 2022,2050,2050,053,53 years,1,Male,22,Method - M2,Number,38794,53,4-64
PEC19C01,Population Projections based on Census 2022,2050,2050,053,53 years,2,Female,22,Method - M2,Number,40820,53,4-64
PEC19C01,Population Projections based on Census 2022,2050,2050,054,54 years,1,Male,22,Method - M2,Number,37607,54,4-64
PEC19C01,Population Projections based on Census 2022,2050,2050,054,54 years,2,Female,22,Method - M2,Number,39714,54,4-64
PEC19C01,Population Projections based on Census 2022,2050,2050,055,55 years,1,Male,22,Method - M2,Number,36997,55,4-64
PEC19C01,Population Projections based on Census 2022,2050,2050,055,55 years,2,Female,22,Method - M2,Number,39837,55,4-64
PEC19C01,Population Projections based on Census 2022,2050,2050,056,56 years,1,Male,22,Method - M2,Number,36309,56,4-64
PEC19C01,Population Projections based on Census 2022,2050,2050,056,56 years,2,Female,22,Method - M2,Number,39481,56,4-64
PEC19C01,Population Projections based on Census 2022,2050,2050,057,57 years,1,Male,22,Method - M2,Number,36911,57,4-64
PEC19C01,Population Projections based on Census 2022,2050,2050,057,57 years,2,Female,22,Method - M2,Number,40112,57,4-64
PEC19C01,Population Projections based on Census 2022,2050,2050,058,58 years,1,Male,22,Method - M2,Number,37563,58,4-64
PEC19C01,Population Projections based on Census 2022,2050,2050,058,58 years,2,Female,22,Method - M2,Number,41809,58,4-64
PEC19C01,Population Projections based on Census 2022,2050,2050,059,59 years,1,Male,22,Method - M2,Number,38256,59,4-64
PEC19C01,Population Projections based on Census 2022,2050,2050,059,59 years,2,Female,22,Method - M2,Number,42004,59,4-64
PEC19C01,Population Projections based on Census 2022,2050,2050,060,60 years,1,Male,22,Method - M2,Number,38030,60,4-64
PEC19C01,Population Projections based on Census 2022,2050,2050,060,60 years,2,Female,22,Method - M2,Number,42309,60,4-64
PEC19C01,Population Projections based on Census 2022,2050,2050,061,61 years,1,Male,22,Method - M2,Number,37226,61,4-64
PEC19C01,Population Projections based on Census 2022,2050,2050,061,61 years,2,Female,22,Method - M2,Number,41955,61,4-64
PEC19C01,Population Projections based on Census 2022,2050,2050,062,62 years,1,Male,22,Method - M2,Number,38017,62,4-64
PEC19C01,Population Projections based on Census 2022,2050,2050,062,62 years,2,Female,22,Method - M2,Number,43271,62,4-64
PEC19C01,Population Projections based on Census 2022,2050,2050,063,63 years,1,Male,22,Method - M2,Number,39497,63,4-64
PEC19C01,Population Projections based on Census 2022,2050,2050,063,63 years,2,Female,22,Method - M2,Number,44667,63,4-64
PEC19C01,Population Projections based on Census 2022,2050,2050,064,64 years,1,Male,22,Method - M2,Number,39883,64,4-64
PEC19C01,Population Projections based on Census 2022,2050,2050,064,64 years,2,Female,22,Method - M2,Number,44952,64,4-64
PEC19C01,Population Projections based on Census 2022,2050,2050,065,65 years,1,Male,22,Method - M2,Number,39925,65,65+
PEC19C01,Population Projections based on Census 2022,2050,2050,065,65 years,2,Female,22,Method - M2,Number,44610,65,65+
PEC19C01,Population Projections based on Census 2022,2050,2050,066,66 years,1,Male,22,Method - M2,Number,40469,66,65+
PEC19C01,Population Projections based on Census 2022,2050,2050,066,66 years,2,Female,22,Method - M2,Number,45561,66,65+
PEC19C01,Population Projections based on Census 2022,2050,2050,067,67 years,1,Male,22,Method - M2,Number,40954,67,65+
PEC19C01,Population Projections based on Census 2022,2050,2050,067,67 years,2,Female,22,Method - M2,Number,46471,67,65+
PEC19C01,Population Projections based on Census 2022,2050,2050,068,68 years,1,Male,22,Method - M2,Number,42185,68,65+
PEC19C01,Population Projections based on Census 2022,2050,2050,068,68 years,2,Female,22,Method - M2,Number,46635,68,65+
PEC19C01,Population Projections based on Census 2022,2050,2050,069,69 years,1,Male,22,Method - M2,Number,42023,69,65+
PEC19C01,Population Projections based on Census 2022,2050,2050,069,69 years,2,Female,22,Method - M2,Number,45889,69,65+
PEC19C01,Population Projections based on Census 2022,2050,2050,070,70 years,1,Male,22,Method - M2,Number,41412,70,65+
PEC19C01,Population Projections based on Census 2022,2050,2050,070,70 years,2,Female,22,Method - M2,Number,44707,70,65+
PEC19C01,Population Projections based on Census 2022,2050,2050,071,71 years,1,Male,22,Method - M2,Number,38324,71,65+
PEC19C01,Population Projections based on Census 2022,2050,2050,071,71 years,2,Female,22,Method - M2,Number,41814,71,65+
PEC19C01,Population Projections based on Census 2022,2050,2050,072,72 years,1,Male,22,Method - M2,Number,35994,72,65+
PEC19C01,Population Projections based on Census 2022,2050,2050,072,72 years,2,Female,22,Method - M2,Number,38833,72,65+
PEC19C01,Population Projections based on Census 2022,2050,2050,073,73 years,1,Male,22,Method - M2,Number,35506,73,65+
PEC19C01,Population Projections based on Census 2022,2050,2050,073,73 years,2,Female,22,Method - M2,Number,37818,73,65+
PEC19C01,Population Projections based on Census 2022,2050,2050,074,74 years,1,Male,22,Method - M2,Number,34363,74,65+
PEC19C01,Population Projections based on Census 2022,2050,2050,074,74 years,2,Female,22,Method - M2,Number,36885,74,65+
PEC19C01,Population Projections based on Census 2022,2050,2050,075,75 years,1,Male,22,Method - M2,Number,33475,75,65+
PEC19C01,Population Projections based on Census 2022,2050,2050,075,75 years,2,Female,22,Method - M2,Number,35847,75,65+
PEC19C01,Population Projections based on Census 2022,2050,2050,076,76 years,1,Male,22,Method - M2,Number,32354,76,65+
PEC19C01,Population Projections based on Census 2022,2050,2050,076,76 years,2,Female,22,Method - M2,Number,35033,76,65+
PEC19C01,Population Projections based on Census 2022,2050,2050,077,77 years,1,Male,22,Method - M2,Number,31675,77,65+
PEC19C01,Population Projections based on Census 2022,2050,2050,077,77 years,2,Female,22,Method - M2,Number,34360,77,65+
PEC19C01,Population Projections based on Census 2022,2050,2050,078,78 years,1,Male,22,Method - M2,Number,30635,78,65+
PEC19C01,Population Projections based on Census 2022,2050,2050,078,78 years,2,Female,22,Method - M2,Number,33336,78,65+
PEC19C01,Population Projections based on Census 2022,2050,2050,079,79 years,1,Male,22,Method - M2,Number,28489,79,65+
PEC19C01,Population Projections based on Census 2022,2050,2050,079,79 years,2,Female,22,Method - M2,Number,31320,79,65+
PEC19C01,Population Projections based on Census 2022,2050,2050,080,80 years,1,Male,22,Method - M2,Number,27098,80,65+
PEC19C01,Population Projections based on Census 2022,2050,2050,080,80 years,2,Female,22,Method - M2,Number,30069,80,65+
PEC19C01,Population Projections based on Census 2022,2050,2050,081,81 years,1,Male,22,Method - M2,Number,24877,81,65+
PEC19C01,Population Projections based on Census 2022,2050,2050,081,81 years,2,Female,22,Method - M2,Number,27501,81,65+
PEC19C01,Population Projections based on Census 2022,2050,2050,082,82 years,1,Male,22,Method - M2,Number,23428,82,65+
PEC19C01,Population Projections based on Census 2022,2050,2050,082,82 years,2,Female,22,Method - M2,Number,26624,82,65+
PEC19C01,Population Projections based on Census 2022,2050,2050,083,83 years,1,Male,22,Method - M2,Number,21987,83,65+
PEC19C01,Population Projections based on Census 2022,2050,2050,083,83 years,2,Female,22,Method - M2,Number,25384,83,65+
PEC19C01,Population Projections based on Census 2022,2050,2050,084,84 years,1,Male,22,Method - M2,Number,20232,84,65+
PEC19C01,Population Projections based on Census 2022,2050,2050,084,84 years,2,Female,22,Method - M2,Number,23978,84,65+
PEC19C01,Population Projections based on Census 2022,2050,2050,085,85 years,1,Male,22,Method - M2,Number,19065,85,65+
PEC19C01,Population Projections based on Census 2022,2050,2050,085,85 years,2,Female,22,Method - M2,Number,23283,85,65+
PEC19C01,Population Projections based on Census 2022,2050,2050,086,86 years,1,Male,22,Method - M2,Number,17176,86,65+
PEC19C01,Population Projections based on Census 2022,2050,2050,086,86 years,2,Female,22,Method - M2,Number,21314,86,65+
PEC19C01,Population Projections based on Census 2022,2050,2050,087,87 years,1,Male,22,Method - M2,Number,15535,87,65+
PEC19C01,Population Projections based on Census 2022,2050,2050,087,87 years,2,Female,22,Method - M2,Number,19626,87,65+
PEC19C01,Population Projections based on Census 2022,2050,2050,088,88 years,1,Male,22,Method - M2,Number,14070,88,65+
PEC19C01,Population Projections based on Census 2022,2050,2050,088,88 years,2,Female,22,Method - M2,Number,18043,88,65+
PEC19C01,Population Projections based on Census 2022,2050,2050,089,89 years,1,Male,22,Method - M2,Number,12232,89,65+
PEC19C01,Population Projections based on Census 2022,2050,2050,089,89 years,2,Female,22,Method - M2,Number,16329,89,65+
PEC19C01,Population Projections based on Census 2022,2050,2050,090,90 years,1,Male,22,Method - M2,Number,10695,90,65+
PEC19C01,Population Projections based on Census 2022,2050,2050,090,90 years,2,Female,22,Method - M2,Number,14475,90,65+
PEC19C01,Population Projections based on Census 2022,2050,2050,091,91 years,1,Male,22,Method - M2,Number,9005,91,65+
PEC19C01,Population Projections based on Census 2022,2050,2050,091,91 years,2,Female,22,Method - M2,Number,12370,91,65+
PEC19C01,Population Projections based on Census 2022,2050,2050,092,92 years,1,Male,22,Method - M2,Number,7559,92,65+
PEC19C01,Population Projections based on Census 2022,2050,2050,092,92 years,2,Female,22,Method - M2,Number,10937,92,65+
PEC19C01,Population Projections based on Census 2022,2050,2050,093,93 years,1,Male,22,Method - M2,Number,6451,93,65+
PEC19C01,Population Projections based on Census 2022,2050,2050,093,93 years,2,Female,22,Method - M2,Number,9373,93,65+
PEC19C01,Population Projections based on Census 2022,2050,2050,094,94 years,1,Male,22,Method - M2,Number,5087,94,65+
PEC19C01,Population Projections based on Census 2022,2050,2050,094,94 years,2,Female,22,Method - M2,Number,7810,94,65+
PEC19C01,Population Projections based on Census 2022,2050,2050,095,95 years,1,Male,22,Method - M2,Number,4068,95,65+
PEC19C01,Population Projections based on Census 2022,2050,2050,095,95 years,2,Female,22,Method - M2,Number,6467,95,65+
PEC19C01,Population Projections based on Census 2022,2050,2050,096,96 years,1,Male,22,Method - M2,Number,3020,96,65+
PEC19C01,Population Projections based on Census 2022,2050,2050,096,96 years,2,Female,22,Method - M2,Number,4917,96,65+
PEC19C01,Population Projections based on Census 2022,2050,2050,097,97 years,1,Male,22,Method - M2,Number,2256,97,65+
PEC19C01,Population Projections based on Census 2022,2050,2050,097,97 years,2,Female,22,Method - M2,Number,3883,97,65+
PEC19C01,Population Projections based on Census 2022,2050,2050,098,98 years,1,Male,22,Method - M2,Number,1542,98,65+
PEC19C01,Population Projections based on Census 2022,2050,2050,098,98 years,2,Female,22,Method - M2,Number,2769,98,65+
PEC19C01,Population Projections based on Census 2022,2050,2050,646,99 years and over,1,Male,22,Method - M2,Number,2441,99,65+
PEC19C01,Population Projections based on Census 2022,2050,2050,646,99 years and over,2,Female,22,Method - M2,Number,4897,99,65+